Ndex,Cameo Pokémon,Card name,Set,#,TCGPlayer Link,Notes
387,Turtwig,Switch,Diamond & Pearl,119,https://www.tcgplayer.com/product/89715/pokemon-diamond-and-pearl-switch,
,,,Secret Wonders,128,https://www.tcgplayer.com/product/89716/pokemon-secret-wonders-switch,
,,,Stormfront,93,https://www.tcgplayer.com/product/89717/pokemon-stormfront-switch,
,,Fossil Excavator,Mysterious Treasures,111,https://www.tcgplayer.com/product/85556/pokemon-mysterious-treasures-fossil-excavator,
,,,Majestic Dawn,82,https://www.tcgplayer.com/product/85557/pokemon-majestic-dawn-fossil-excavator,
,,Tropical Wind,DP Promos,5,https://www.tcgplayer.com/product/90054/pokemon-diamond-and-pearl-promos-tropical-wind-dp05-worlds-07,
,,Captain Pikachu,Pokémon Center promo,-,https://www.tcgplayer.com/product/617410/pokemon-japan-unnumbered-promotional-cards-captain-pikachu,Jumbo
390,Chimchar,Energy Switch,Diamond & Pearl,107,https://www.tcgplayer.com/product/85257/pokemon-diamond-and-pearl-energy-switch,
,,,Stormfront,84,https://www.tcgplayer.com/product/85258/pokemon-stormfront-energy-switch,
,,Tropical Wind,DP Promos,5,https://www.tcgplayer.com/product/90054/pokemon-diamond-and-pearl-promos-tropical-wind-dp05-worlds-07,
,,Captain Pikachu,Pokémon Center promo,-,https://www.tcgplayer.com/product/617410/pokemon-japan-unnumbered-promotional-cards-captain-pikachu,Jumbo
393,Piplup,Super Scoop Up,Diamond & Pearl,115,https://www.tcgplayer.com/product/89638/pokemon-diamond-and-pearl-super-scoop-up,
,,,Majestic Dawn,87,https://www.tcgplayer.com/product/89639/pokemon-majestic-dawn-super-scoop-up,
,,Roseanne's Research,Secret Wonders,125,https://www.tcgplayer.com/product/88815/pokemon-secret-wonders-roseannes-research,
,,,POP Series 8,11,https://www.tcgplayer.com/product/88816/pokemon-pop-series-8-roseannes-research,
,,Bubble Coat,Legends Awakened,129,https://www.tcgplayer.com/product/84008/pokemon-legends-awakened-bubble-coat,
,,Poké Healer +,Stormfront,90,https://www.tcgplayer.com/product/88197/pokemon-stormfront-poke-healer-plus,
,,Tropical Wind,DP Promos,5,https://www.tcgplayer.com/product/90054/pokemon-diamond-and-pearl-promos-tropical-wind-dp05-worlds-07,
,,Captain Pikachu,Pokémon Center promo,-,https://www.tcgplayer.com/product/617410/pokemon-japan-unnumbered-promotional-cards-captain-pikachu,Jumbo
,,Spiky-Eared Pichu M,2009 Card Design Contest,Kindergarten,,
,,Spiky-Eared Pichu M,2009 Card Design Contest,Televi-Kun,,
,,Arceus,2009 Card Design Contest,CoroCoro Comic,,
,,Bulbasaur,DPt-P Promos,30,https://www.tcgplayer.com/product/613215/pokemon-japan-dpt-p-promotional-cards-bulbasaur-030-dpt-p,
,,Michina Temple,DPt-P Promos,44,https://www.tcgplayer.com/product/613231/pokemon-japan-dpt-p-promotional-cards-michina-temple-044-dpt-p,
,,Illusion's Zorua,2010 Card Design Contest,1st Grade,,
,,Illusion's Zorua,2010 Card Design Contest,Pokémon Fan,,
,,Mewtwo,BW-P Promos,-,https://www.tcgplayer.com/product/617380/pokemon-japan-unnumbered-promotional-cards-mewtwo,Jumbo
,,Sapporo's Pikachu,SM-P Promos,5,https://www.tcgplayer.com/product/598082/pokemon-japan-sm-p-sun-and-moon-promos-sapporos-pikachu-005-sm-p,
,,Rosanne's Backup,Brilliant Stars,148,https://www.tcgplayer.com/product/263868/pokemon-swsh09-brilliant-stars-roseannes-backup,bookmark
396,Starly,Energy Switch,Diamond & Pearl,107,https://www.tcgplayer.com/product/85257/pokemon-diamond-and-pearl-energy-switch,
,,,Stormfront,84,https://www.tcgplayer.com/product/85258/pokemon-stormfront-energy-switch,
,,Professor Oak's Visit,Secret Wonders,122,https://www.tcgplayer.com/product/88405/pokemon-secret-wonders-professor-oaks-visit,
,,,Arceus,90,https://www.tcgplayer.com/product/88406/pokemon-arceus-professor-oaks-visit,
,,Mt. Coronet,Hidden Fates,SV89,https://www.tcgplayer.com/product/197843/pokemon-hidden-fates-shiny-vault-mt-coronet,
,,Bird Keeper,Shining Fates,66,https://www.tcgplayer.com/product/232538/pokemon-shining-fates-bird-keeper-full-art,
,,Bidoof,Brilliant Stars,120,https://www.tcgplayer.com/product/263845/pokemon-swsh09-brilliant-stars-bidoof,
,,Hisuian Lilligant V,Astral Radiance,163,https://www.tcgplayer.com/product/272415/pokemon-swsh10-astral-radiance-hisuian-lilligant-v-alternate-full-art,
,,Arceus V,SWSH Promos,204,https://www.tcgplayer.com/product/271837/pokemon-swsh-sword-and-shield-promo-cards-arceus-v-swsh204,
,,Hisuian Goodra,Crown Zenith,GG21,https://www.tcgplayer.com/product/478039/pokemon-swsh-crown-zenith-galarian-gallery-hisuian-goodra,
,,Grusha,Paldea Evolved,268,https://www.tcgplayer.com/product/497688/pokemon-sv02-paldea-evolved-grusha-268-193,
,,Garganacl,Paradox Rift,202,https://www.tcgplayer.com/product/523883/pokemon-sv04-paradox-rift-garganacl-202-182,
,,Grotle,Temporal Forces,164,https://www.tcgplayer.com/product/542885/pokemon-sv05-temporal-forces-grotle-164-162,
,,Probopass,Twilight Masquerade,182,https://www.tcgplayer.com/product/550226/pokemon-sv06-twilight-masquerade-probopass-182-167,
,,Dawn,Phantasmal Flames,129,https://www.tcgplayer.com/product/662150/pokemon-me02-phantasmal-flames-dawn-129-094,sign
397,Staravia,Arceus V,SWSH Promos,204,https://www.tcgplayer.com/product/271837/pokemon-swsh-sword-and-shield-promo-cards-arceus-v-swsh204,
398,Staraptor,Tyranitar,Paldea Evolved,222,https://www.tcgplayer.com/product/497625/pokemon-sv02-paldea-evolved-tyranitar-222-193,
399,Bidoof,Poké Blower +,Stormfront,88,https://www.tcgplayer.com/product/88195/pokemon-stormfront-poke-blower-plus,
,,Tropical Wind,DP Promos,48,https://www.tcgplayer.com/product/90056/pokemon-diamond-and-pearl-promos-tropical-wind-dp48-worlds-09,
,,Champions Festival,BW Promos,95,https://www.tcgplayer.com/product/84162/pokemon-black-and-white-promos-champions-festival-bw95-worlds-13,
,,Jubilife Village,Astral Radiance,212,https://www.tcgplayer.com/product/272467/pokemon-swsh10-astral-radiance-jubilife-village-secret,
,,Ivysaur,Pokémon GO,2,https://www.tcgplayer.com/product/274434/pokemon-pokemon-go-ivysaur,
,,Arceus V,SWSH Promos,204,https://www.tcgplayer.com/product/271837/pokemon-swsh-sword-and-shield-promo-cards-arceus-v-swsh204,
,,Celebratory Fanfare,S-P Promos,306,https://www.tcgplayer.com/product/597479/pokemon-japan-s-p-sword-and-shield-promos-celebration-fanfare-306-s-p,
,,Bibarel,Crown Zenith,GG25,https://www.tcgplayer.com/product/475643/pokemon-swsh-crown-zenith-galarian-gallery-bibarel,
,,Probopass,Twilight Masquerade,182,https://www.tcgplayer.com/product/550226/pokemon-sv06-twilight-masquerade-probopass-182-167,
,,Turtwig,MEP Promos,40,https://www.tcgplayer.com/product/684464/pokemon-me-mega-evolution-promo-turtwig-040,picture
402,Kricketune,Champions Festival,SM Promos,148,https://www.tcgplayer.com/product/175064/pokemon-sm-promos-champions-festival-sm148-world-championships-2018,
,,Champions Festival,SM Promos,231,https://www.tcgplayer.com/product/198360/pokemon-sm-promos-champions-festival-sm231-world-championships-2019,picture
403,Shinx,Bench Shield,Arceus,83,https://www.tcgplayer.com/product/83811/pokemon-arceus-bench-shield,
,,Poké-lun TV's Pikachu and Friends,S-P Promos,-,,Jumbo
404,Luxio,Iono,Paldean Fates,237,https://www.tcgplayer.com/product/535101/pokemon-sv-paldean-fates-iono-237-091,
405,Luxray,Detective Pikachu,SV-P Promos,98,https://www.tcgplayer.com/product/587856/pokemon-japan-sv-p-promotional-cards-detective-pikachu-098-sv-p,only partially visible
406,Budew,Spiky-Eared Pichu M,2009 Card Design Contest,Pucchigumi,,
,,Slakoth,Unified Minds,167,https://www.tcgplayer.com/product/195167/pokemon-sm-unified-minds-slakoth-167,
,,Celebratory Fanfare,MEP Promos,28,https://www.tcgplayer.com/product/681244/pokemon-me-mega-evolution-promo-celebratory-fanfare-ace-trainer,
,,Litten,SM-P Promos,259,https://www.tcgplayer.com/product/598336/pokemon-japan-sm-p-sun-and-moon-promos-litten-259-sm-p,picture
,,Marnie,Sword & Shield,169,https://www.tcgplayer.com/product/208495/pokemon-swsh01-sword-and-shield-base-set-marnie,
,,,Champion's Path,56,https://www.tcgplayer.com/product/223056/pokemon-champions-path-marnie,
407,Roserade,Super Scoop Up,Unleashed,83,https://www.tcgplayer.com/product/89640/pokemon-unleashed-super-scoop-up,
,,Quaquaval ex,Paldea Evolved,260,https://www.tcgplayer.com/product/497679/pokemon-sv02-paldea-evolved-quaquaval-ex-260-193,bottle
408,Cranidos,Fossil Excavator,Mysterious Treasures,111,https://www.tcgplayer.com/product/85556/pokemon-mysterious-treasures-fossil-excavator,
,,,Majestic Dawn,82,https://www.tcgplayer.com/product/85557/pokemon-majestic-dawn-fossil-excavator,
,,Aerodactyl V,Lost Origin,180,https://www.tcgplayer.com/product/284122/pokemon-swsh11-lost-origin-aerodactyl-v-alternate-full-art,
,,Skull Fossil,Mysterious Treasures,117,https://www.tcgplayer.com/product/89277/pokemon-mysterious-treasures-skull-fossil,fossil
,,Skull Fossil,Platinum,120,https://www.tcgplayer.com/product/89278/pokemon-platinum-skull-fossil,
,,Unidentified Fossil,Ultra Prism,134,https://www.tcgplayer.com/product/157750/pokemon-sm-ultra-prism-unidentified-fossil,
,,,Forbidden Light,116,https://www.tcgplayer.com/product/165778/pokemon-sm-forbidden-light-unidentified-fossil,
,,,Team Up,155,https://www.tcgplayer.com/product/183959/pokemon-sm-team-up-unidentified-fossil,
,,,Unified Minds,210,https://www.tcgplayer.com/product/195275/pokemon-sm-unified-minds-unidentified-fossil,
,,,Cosmic Eclipse,207,https://www.tcgplayer.com/product/201327/pokemon-sm-cosmic-eclipse-unidentified-fossil,
,,Unidentified Fossil,Astral Radiance,157,https://www.tcgplayer.com/product/272409/pokemon-swsh10-astral-radiance-unidentified-fossil,
,,,Silver Tempest,165,https://www.tcgplayer.com/product/451813/pokemon-swsh12-silver-tempest-unidentified-fossil,
,,Turtwig,MEP Promos,40,https://www.tcgplayer.com/product/684464/pokemon-me-mega-evolution-promo-turtwig-040,
,,Antique Skull Fossil,Abyss Eye,71,https://www.tcgplayer.com/product/695019/pokemon-japan-m5-abyss-eye-antique-skull-fossil,
409,Rampardos,Aerodactyl V,Lost Origin,180,https://www.tcgplayer.com/product/284122/pokemon-swsh11-lost-origin-aerodactyl-v-alternate-full-art,
410,Shieldon,Aerodactyl V,Lost Origin,180,https://www.tcgplayer.com/product/284122/pokemon-swsh11-lost-origin-aerodactyl-v-alternate-full-art,
,,Fossil Excavator,Mysterious Treasures,111,https://www.tcgplayer.com/product/85556/pokemon-mysterious-treasures-fossil-excavator,fossil
,,,Majestic Dawn,82,https://www.tcgplayer.com/product/85557/pokemon-majestic-dawn-fossil-excavator,
,,Armor Fossil,Mysterious Treasures,116,https://www.tcgplayer.com/product/83625/pokemon-mysterious-treasures-armor-fossil,
,,Armor Fossil,Platinum,119,https://www.tcgplayer.com/product/83626/pokemon-platinum-armor-fossil,
,,Armor Fossil Shieldon,Steam Siege,98,https://www.tcgplayer.com/product/121223/pokemon-xy-steam-siege-armor-fossil-shieldon,
,,Unidentified Fossil,Ultra Prism,134,https://www.tcgplayer.com/product/157750/pokemon-sm-ultra-prism-unidentified-fossil,
,,,Forbidden Light,116,https://www.tcgplayer.com/product/165778/pokemon-sm-forbidden-light-unidentified-fossil,
,,,Team Up,155,https://www.tcgplayer.com/product/183959/pokemon-sm-team-up-unidentified-fossil,
,,,Unified Minds,210,https://www.tcgplayer.com/product/195275/pokemon-sm-unified-minds-unidentified-fossil,
,,,Cosmic Eclipse,207,https://www.tcgplayer.com/product/201327/pokemon-sm-cosmic-eclipse-unidentified-fossil,
,,Unidentified Fossil,Astral Radiance,157,https://www.tcgplayer.com/product/272409/pokemon-swsh10-astral-radiance-unidentified-fossil,
,,,Silver Tempest,165,https://www.tcgplayer.com/product/451813/pokemon-swsh12-silver-tempest-unidentified-fossil,
,,Turtwig,MEP Promos,40,https://www.tcgplayer.com/product/684464/pokemon-me-mega-evolution-promo-turtwig-040,
,,Antique Armor Fossil,Abyss Eye,72,https://www.tcgplayer.com/product/695020/pokemon-japan-m5-abyss-eye-antique-armor-fossil,
411,Bastiodon,Aerodactyl V,Lost Origin,180,https://www.tcgplayer.com/product/284122/pokemon-swsh11-lost-origin-aerodactyl-v-alternate-full-art,
,,Roxanne,Crown Zenith,GG66,https://www.tcgplayer.com/product/478096/pokemon-swsh-crown-zenith-galarian-gallery-roxanne,fossil
412,Burmy,Lampent,Steam Siege,49,https://www.tcgplayer.com/product/121138/pokemon-xy-steam-siege-lampent,
415,Combee,Koko,Koko Illustration Contest,Twitter,,Jumbo
,,Influencer's Introduction,Start Deck 100 CoroCiao Version,19,https://www.tcgplayer.com/product/677316/pokemon-japan-mp1-start-deck-100-battle-collection-corociao-version-influencers-introduction,plushie
417,Pachirisu,Fossil Excavator,Mysterious Treasures,111,https://www.tcgplayer.com/product/85556/pokemon-mysterious-treasures-fossil-excavator,
,,,Majestic Dawn,82,https://www.tcgplayer.com/product/85557/pokemon-majestic-dawn-fossil-excavator,
,,Tropical Wind,DP Promos,25,https://www.tcgplayer.com/product/90055/pokemon-diamond-and-pearl-promos-tropical-wind-dp25-worlds-08,
,,Touch Exchange!,Miscellaneous Promos,-,https://www.tcgplayer.com/product/613525/pokemon-japan-pcg-p-promotional-cards-touch-exchange-130-pcg-p,
,,Energy Pickup,Legends Awakened,132,https://www.tcgplayer.com/product/85215/pokemon-legends-awakened-energy-pickup,
,,Illusion's Zorua,2010 Card Design Contest,Pokémon Fan,,
,,Hisuian Lilligant V,Astral Radiance,163,https://www.tcgplayer.com/product/272415/pokemon-swsh10-astral-radiance-hisuian-lilligant-v-alternate-full-art,
,,Zeraora VMAX,Crown Zenith,GG42,https://www.tcgplayer.com/product/477062/pokemon-swsh-crown-zenith-galarian-gallery-zeraora-vmax,
,,Gardevoir ex,Paldean Fates,233,https://www.tcgplayer.com/product/535085/pokemon-sv-paldean-fates-gardevoir-ex-233-091,
,,Department Store Girl,Arceus,85,https://www.tcgplayer.com/product/84780/pokemon-arceus-department-store-girl,plushie
418,Buizel,Captain Pikachu,Pokémon Center promo,-,https://www.tcgplayer.com/product/617410/pokemon-japan-unnumbered-promotional-cards-captain-pikachu,Jumbo
419,Floatzel,Pokémon Reversal,Raichu Starter Deck,8,,
420,Cherubi,Pokémon Pal City,Tōhoku Battle City Promo,-,,
,,Koko,Koko Illustration Contest,Twitter,,Jumbo
,,Gardenia's Vigor,Crown Zenith,GG61,https://www.tcgplayer.com/product/477058/pokemon-swsh-crown-zenith-galarian-gallery-gardenias-vigor,
421,Cherrim,Illusion's Zorua,2010 Card Design Contest,Pokémon Fan,,
,,Cherry Blossom Afro Pikachu,SM-P Promos,211,https://www.tcgplayer.com/product/598288/pokemon-japan-sm-p-sun-and-moon-promos-cherry-blossom-afro-pikachu-211-sm-p,
,,Koko,Koko Illustration Contest,Twitter,,Jumbo
,,Gardenia's Vigor,Crown Zenith,GG61,https://www.tcgplayer.com/product/477058/pokemon-swsh-crown-zenith-galarian-gallery-gardenias-vigor,
423,Gastrodon,Cynthia's Ambition,Crown Zenith,GG60,https://www.tcgplayer.com/product/477052/pokemon-swsh-crown-zenith-galarian-gallery-cynthias-ambition,
425,Drfiloon,Drifblim,DP Promos,34,https://www.tcgplayer.com/product/84946/pokemon-diamond-and-pearl-promos-drifblim-dp34,
,,Spiky-Eared Pichu M,2009 Card Design Contest,Kindergarten,,
,,Gourgeist,Art Academy Promo,rina,,
,,Whimsicott,Unified Minds,144,https://www.tcgplayer.com/product/195131/pokemon-sm-unified-minds-whimsicott,
,,Champions Festival,SM Promos,78,https://www.tcgplayer.com/product/179429/pokemon-sm-promos-champions-festival-sm78-world-championships-2017,
,,Clefable,Rebel Clash,75,https://www.tcgplayer.com/product/213161/pokemon-swsh02-rebel-clash-clefable,
,,Turtwig,MEP Promos,40,https://www.tcgplayer.com/product/684464/pokemon-me-mega-evolution-promo-turtwig-040,
,,Greavard,Scarlet & Violet,214,https://www.tcgplayer.com/product/490073/pokemon-sv01-scarlet-and-violet-base-set-greavard-214-198,plushie
426,Drifblim,Acerola's Mischief,Mega Evolution,183,https://www.tcgplayer.com/product/654522/pokemon-me01-mega-evolution-acerolas-mischief-183-132,plushie
427,Buneary,Tropical Wind,DP Promos,25,https://www.tcgplayer.com/product/90055/pokemon-diamond-and-pearl-promos-tropical-wind-dp25-worlds-08,
,,Touch Exchange!,Miscellaneous Promos,-,https://www.tcgplayer.com/product/613525/pokemon-japan-pcg-p-promotional-cards-touch-exchange-130-pcg-p,
,,Poké Healer +,Stormfront,90,https://www.tcgplayer.com/product/88197/pokemon-stormfront-poke-healer-plus,
,,Illusion's Zorua,2010 Card Design Contest,Pokémon Fan,,
,,Lumiose City,Perfect Order,77,https://www.tcgplayer.com/product/684348/pokemon-me03-perfect-order-lumiose-city-077-088,picture
,,Felicity's Drawing,Great Encounters,98,https://www.tcgplayer.com/product/85408/pokemon-great-encounters-felicitys-drawing,plushie
428,Lopunny,Buneary,Fusion Strike,212,https://www.tcgplayer.com/product/253309/pokemon-swsh08-fusion-strike-buneary,
,,Mega Lopunny ex,Phantasmal Flames,115,https://www.tcgplayer.com/product/662189/pokemon-me02-phantasmal-flames-mega-lopunny-ex-115-094,
,Mega Lopunny,Mawile,Cosmic Eclipse,140,https://www.tcgplayer.com/product/201185/pokemon-sm-cosmic-eclipse-mawile,
,,Poncho-wearing Pikachu,XY-P Promos,275,https://www.tcgplayer.com/product/602179/pokemon-japan-xy-p-xy-promos-poncho-wearing-pikachu-275-xy-p,costume
429,Mismagius,Gourgeist,Art Academy Promo,rina,,
,,Iono,Paldean Fates,237,https://www.tcgplayer.com/product/535101/pokemon-sv-paldean-fates-iono-237-091,
430,Honchkrow,Power Spray,Platinum,117,https://www.tcgplayer.com/product/89806/pokemon-platinum-team-galactics-invention-g-103-power-spray,
431,Glameow,Bebe's Search,Mysterious Treasures,109,https://www.tcgplayer.com/product/83761/pokemon-mysterious-treasures-bebes-search,
,,,Secret Wonders,119,https://www.tcgplayer.com/product/83762/pokemon-secret-wonders-bebes-search,
,,,Rising Rivals,89,https://www.tcgplayer.com/product/83763/pokemon-rising-rivals-bebes-search,
,,Charmander,SV Promos,44,https://www.tcgplayer.com/product/512035/pokemon-sv-scarlet-and-violet-promo-cards-charmander-044,
,,Sinistcha ex,Twilight Masquerade,210,https://www.tcgplayer.com/product/550254/pokemon-sv06-twilight-masquerade-sinistcha-ex-210-167,picture
432,Purugly,Power Spray,Platinum,117,https://www.tcgplayer.com/product/89806/pokemon-platinum-team-galactics-invention-g-103-power-spray,
434,Stunky,Illusion's Zorua,2010 Card Design Contest,Pucchigumi,,
,,Skuntank V,Silver Tempest,181,https://www.tcgplayer.com/product/451829/pokemon-swsh12-silver-tempest-skuntank-v-alternate-full-art,
,,Gapejaw Bog,Silver Tempest,213,https://www.tcgplayer.com/product/452011/pokemon-swsh12-silver-tempest-gapejaw-bog,
436,Bronzor,Pokémon Rescue,Platinum,115,https://www.tcgplayer.com/product/88233/pokemon-platinum-pokemon-rescue,
437,Bronzong,Poké Turn,Platinum,118,https://www.tcgplayer.com/product/89807/pokemon-platinum-team-galactics-invention-g-105-poke-turn,
,,Mewtwo,BW-P Promos,-,https://www.tcgplayer.com/product/617380/pokemon-japan-unnumbered-promotional-cards-mewtwo,Jumbo
438,Bonsly,Warp Point,Majestic Dawn,88,https://www.tcgplayer.com/product/90482/pokemon-majestic-dawn-warp-point,
,,Pokémon Fan Club,Ultra Prism,133,https://www.tcgplayer.com/product/157749/pokemon-sm-ultra-prism-pokemon-fan-club,plushie
,,,TCG Classic: Venusaur Deck,22,https://www.tcgplayer.com/product/527911/pokemon-trading-card-game-classic-pokemon-fan-club-clv,
,,,TCG Classic: Charizard Deck,22,https://www.tcgplayer.com/product/527959/pokemon-trading-card-game-classic-pokemon-fan-club-clc,
,,,TCG Classic: Blastoise Deck,24,https://www.tcgplayer.com/product/528019/pokemon-trading-card-game-classic-pokemon-fan-club-clb,
,,Pokémon Fan Club,Ultra Prism,155,https://www.tcgplayer.com/product/157771/pokemon-sm-ultra-prism-pokemon-fan-club-full-art,
439,Mime Jr.,Energy Link,Stormfront,83,https://www.tcgplayer.com/product/85214/pokemon-stormfront-energy-link,
,,Meowth M,Movie Random Pack,17,https://www.tcgplayer.com/product/613757/pokemon-japan-movie-commemoration-random-pack-meowth-m-017-022,
440,Happiny,Spiky-Eared Pichu M,2009 Card Design Contest,Televi-Kun,,
,,Illusion's Zorua,2010 Card Design Contest,1st Grade,,
,,Blissey V,Chilling Reign,183,https://www.tcgplayer.com/product/241798/pokemon-swsh06-chilling-reign-blissey-v-alternate-full-art,picture
,,Bebe's Search,Mysterious Treasures,109,https://www.tcgplayer.com/product/83761/pokemon-mysterious-treasures-bebes-search,mug
,,,Secret Wonders,119,https://www.tcgplayer.com/product/83762/pokemon-secret-wonders-bebes-search,
,,,Rising Rivals,89,https://www.tcgplayer.com/product/83763/pokemon-rising-rivals-bebes-search,
,,Delcatty,Darkness Ablaze,142,https://www.tcgplayer.com/product/219342/pokemon-swsh03-darkness-ablaze-delcatty,perfume
441,Chatot,Jigglypuff,DPt-P Promos,47,https://www.tcgplayer.com/product/613226/pokemon-japan-dpt-p-promotional-cards-jigglypuff-047-dpt-p,
,,Eevee,SM Promos,235,https://www.tcgplayer.com/product/200276/pokemon-sm-promos-eevee-sm235,
,,Koko,Koko Illustration Contest,Parent-Child,,Jumbo
,,Meditite,Stellar Crown,153,https://www.tcgplayer.com/product/567436/pokemon-sv07-stellar-crown-meditite-153-142,
442,Spiritomb,Gourgeist,Art Academy Promo,rina,,
443,Gible,Poké Blower +,Stormfront,88,https://www.tcgplayer.com/product/88195/pokemon-stormfront-poke-blower-plus,
445,Garchomp,Rayquaza,BW-P Promos,-,,Jumbo
,,Cynthia,Hidden Fates,SV82,https://www.tcgplayer.com/product/197836/pokemon-hidden-fates-shiny-vault-cynthia,
,,Lucario,Unified Minds,117,https://www.tcgplayer.com/product/195072/pokemon-sm-unified-minds-lucario,
,,Meloetta,Unified Minds,123,https://www.tcgplayer.com/product/195080/pokemon-sm-unified-minds-meloetta,
,,Victini ex,SV-P Promos,52,,"this card was only released in Traditional Chinese, Indonesian, Thai, and Simplified Chinese"
,Mega Garchomp,Garchomp Spirit Link,XY Promos,169,https://www.tcgplayer.com/product/126564/pokemon-xy-promos-garchomp-spirit-link,
446,Munchlax,PokéPark's Torchic,PCG-P Promos,47,https://www.tcgplayer.com/product/613482/pokemon-japan-pcg-p-promotional-cards-pokeparks-torchic-047-pcg-p,
,,Tropical Tidal Wave,Nintendo Promos,36,https://www.tcgplayer.com/product/224556/pokemon-nintendo-promos-tropical-tidal-wave-036-2006-world-championships-staff,
,,Warp Point,Majestic Dawn,88,https://www.tcgplayer.com/product/90482/pokemon-majestic-dawn-warp-point,
,,Captain Pikachu,Pokémon Center promo,-,https://www.tcgplayer.com/product/617410/pokemon-japan-unnumbered-promotional-cards-captain-pikachu,Jumbo
,,Croagunk,Melee! Pokémon Scramble,18,,
,,Illusion's Zorua,2010 Card Design Contest,2nd Grade,,
,,Professor Elm's Lecture,Lost Thunder,188a,https://www.tcgplayer.com/product/179023/pokemon-sm-lost-thunder-professor-elms-lecture,
,,Bloodmoon Ursaluna ex,Twilight Masquerade,216,https://www.tcgplayer.com/product/550260/pokemon-sv06-twilight-masquerade-bloodmoon-ursaluna-ex-216-167,
,,Paradise Resort,SV Promos,224,https://www.tcgplayer.com/product/649232/pokemon-sv-scarlet-and-violet-promo-cards-paradise-resort-224-world-championships-2025,
,,Morpeko,Paradox Rift,206,https://www.tcgplayer.com/product/523887/pokemon-sv04-paradox-rift-morpeko-206-182,sweets
,,Piplup,MEP Promos,42,https://www.tcgplayer.com/product/684466/pokemon-me-mega-evolution-promo-piplup-042,Pokémon Rock
447,Riolu,Mewtwo,BW-P Promos,-,https://www.tcgplayer.com/product/617380/pokemon-japan-unnumbered-promotional-cards-mewtwo,Jumbo
,,Cofagrigus,Lost Thunder,100,https://www.tcgplayer.com/product/178913/pokemon-sm-lost-thunder-cofagrigus,statue
448,Lucario,Switch,Diamond & Pearl,119,https://www.tcgplayer.com/product/89715/pokemon-diamond-and-pearl-switch,
,,,Secret Wonders,128,https://www.tcgplayer.com/product/89716/pokemon-secret-wonders-switch,
,,,Stormfront,93,https://www.tcgplayer.com/product/89717/pokemon-stormfront-switch,
,,Poké Drawer +,Stormfront,89,https://www.tcgplayer.com/product/88196/pokemon-stormfront-poke-drawer-plus,
,,Illusion's Zoroark,2010 Card Design Contest,4th Grade,,
,,Pokémon Enterprise,EX Battle Boost,99,https://www.tcgplayer.com/product/603033/pokemon-japan-ex-battle-boost-pokemon-enterprise-099-093,
,,Passimian,Burning Shadows,79,https://www.tcgplayer.com/product/138565/pokemon-sm-burning-shadows-passimian,
,,Cynthia,Hidden Fates,SV82,https://www.tcgplayer.com/product/197836/pokemon-hidden-fates-shiny-vault-cynthia,
,,Eri,Temporal Forces,210,https://www.tcgplayer.com/product/542931/pokemon-sv05-temporal-forces-eri-210-162,
,,Mega Lucario ex,Mega Evolution,160,https://www.tcgplayer.com/product/654499/pokemon-me01-mega-evolution-mega-lucario-ex-160-132,
,,Riolu,Scarlet & Violet,215,https://www.tcgplayer.com/product/490074/pokemon-sv01-scarlet-and-violet-base-set-riolu-215-198,picture
,Mega Lucario,Pikachu,XY-P Promos,90,https://www.tcgplayer.com/product/601995/pokemon-japan-xy-p-xy-promos-pikachu-090-xy-p,
,,Lucario Spirit Link,XY Promos,211,https://www.tcgplayer.com/product/131694/pokemon-xy-promos-lucario-spirit-link,
,,Poncho-wearing Pikachu,XY-P Promos,203,https://www.tcgplayer.com/product/602107/pokemon-japan-xy-p-xy-promos-poncho-wearing-pikachu-203-xy-p,costume
451,Skorupi,Drapion V,Crown Zenith,GG49,https://www.tcgplayer.com/product/478076/pokemon-swsh-crown-zenith-galarian-gallery-drapion-v,
452,Drapion,Eevee,SM-P Promos,371,https://www.tcgplayer.com/product/598448/pokemon-japan-sm-p-sun-and-moon-promos-eevee-371-sm-p,
453,Croagunk,Tropical Wind,DP Promos,25,https://www.tcgplayer.com/product/90055/pokemon-diamond-and-pearl-promos-tropical-wind-dp25-worlds-08,
,,Energy Link,Stormfront,83,https://www.tcgplayer.com/product/85214/pokemon-stormfront-energy-link,
,,Raichu,Burning Shadows,41,https://www.tcgplayer.com/product/138523/pokemon-sm-burning-shadows-raichu,
,,Galarian Slowpoke,SWSH Promos,126,https://www.tcgplayer.com/product/247290/pokemon-swsh-sword-and-shield-promo-cards-galarian-slowpoke-swsh126,
,,Piplup,MEP Promos,42,https://www.tcgplayer.com/product/684466/pokemon-me-mega-evolution-promo-piplup-042,statue
454,Toxicroak,Energy Gain,Platinum,116,https://www.tcgplayer.com/product/89805/pokemon-platinum-team-galactics-invention-g-101-energy-gain,
,,Eri,Temporal Forces,210,https://www.tcgplayer.com/product/542931/pokemon-sv05-temporal-forces-eri-210-162,
455,Carnivine,Pokémon Circulator,Unleashed,81,https://www.tcgplayer.com/product/88216/pokemon-unleashed-pokemon-circulator,
,,Eevee,Undaunted,48,https://www.tcgplayer.com/product/85088/pokemon-undaunted-eevee-48,
456,Finneon,Captain Pikachu,Pokémon Center promo,-,https://www.tcgplayer.com/product/617410/pokemon-japan-unnumbered-promotional-cards-captain-pikachu,Jumbo
,,Qwilfish,HeartGold & SoulSilver,50,https://www.tcgplayer.com/product/88495/pokemon-heartgold-soulsilver-qwilfish,
,,Eelektrik,Burning Shadows,45,https://www.tcgplayer.com/product/138527/pokemon-sm-burning-shadows-eelektrik,
,,Lapras,Crown Zenith,GG05,https://www.tcgplayer.com/product/477049/pokemon-swsh-crown-zenith-galarian-gallery-lapras,
457,Lumineon,Captain Pikachu,Pokémon Center promo,-,https://www.tcgplayer.com/product/617410/pokemon-japan-unnumbered-promotional-cards-captain-pikachu,Jumbo
,,Qwilfish,HeartGold & SoulSilver,50,https://www.tcgplayer.com/product/88495/pokemon-heartgold-soulsilver-qwilfish,
,,Goldeen,BREAKthrough,27,https://www.tcgplayer.com/product/107146/pokemon-xy-breakthrough-goldeen,
,,Celebratory Fanfare,S-P Promos,306,https://www.tcgplayer.com/product/597479/pokemon-japan-s-p-sword-and-shield-promos-celebration-fanfare-306-s-p,
,,Relicanth,Temporal Forces,173,https://www.tcgplayer.com/product/542894/pokemon-sv05-temporal-forces-relicanth-173-162,
,,Glameow,Unbroken Bonds,159,https://www.tcgplayer.com/product/189261/pokemon-sm-unbroken-bonds-glameow,plushie
458,Mantyke,Vaporeon VMAX,SWSH Promos,182,https://www.tcgplayer.com/product/253417/pokemon-swsh-sword-and-shield-promo-cards-vaporeon-vmax-swsh182,
,,Lapras,Crown Zenith,GG05,https://www.tcgplayer.com/product/477049/pokemon-swsh-crown-zenith-galarian-gallery-lapras,
459,Snover,Pokémon Pal City,Hokkaidō Battle City Promo,-,https://www.tcgplayer.com/product/617277/pokemon-japan-battle-road-pokemon-pal-city-hokkaido,
,,Abomasnow,Chilling Reign,10,https://www.tcgplayer.com/product/241659/pokemon-swsh06-chilling-reign-abomasnow,
460,Abomasnow,Sneasel,Chilling Reign,30,https://www.tcgplayer.com/product/241683/pokemon-swsh06-chilling-reign-sneasel,
,,Mega Abomasnow ex,Mega Evolution,157,https://www.tcgplayer.com/product/654496/pokemon-me01-mega-evolution-mega-abomasnow-ex-157-132,
,,Snover,Mega Evolution,140,https://www.tcgplayer.com/product/654479/pokemon-me01-mega-evolution-snover-140-132,footprints
,Mega Abomasnow,Mega Lucario ex,Mega Evolution,179,https://www.tcgplayer.com/product/654518/pokemon-me01-mega-evolution-mega-lucario-ex-179-132,
,,Snover,Mega Evolution,140,https://www.tcgplayer.com/product/654479/pokemon-me01-mega-evolution-snover-140-132,footprints
461,Weavile,Power Spray,Platinum,117,https://www.tcgplayer.com/product/89806/pokemon-platinum-team-galactics-invention-g-103-power-spray,
,,Tropical Wind,DP Promos,48,https://www.tcgplayer.com/product/90056/pokemon-diamond-and-pearl-promos-tropical-wind-dp48-worlds-09,
,,Illusion's Zorua,2010 Card Design Contest,Pucchigumi,,
,,All-Night Party,BREAKpoint,96,https://www.tcgplayer.com/product/111569/pokemon-xy-breakpoint-all-night-party,
,,Zeraora V,Chilling Reign,166,https://www.tcgplayer.com/product/241712/pokemon-swsh06-chilling-reign-zeraora-v-alternate-full-art,
,,Sneasel,MEP Promos,20,https://www.tcgplayer.com/product/664055/pokemon-me-mega-evolution-promo-sneasel-cosmos-holo,poster
462,Magnezone,Mewtwo-EX,BREAKthrough,164,https://www.tcgplayer.com/product/107283/pokemon-xy-breakthrough-mewtwo-ex-164-secret-full-art,
465,Tangrowth,Charizard VSTAR,SWSH Promos,262,https://www.tcgplayer.com/product/285396/pokemon-swsh-sword-and-shield-promo-cards-charizard-vstar-swsh262,
,,Mewtwo VSTAR,Crown Zenith,GG44,https://www.tcgplayer.com/product/477057/pokemon-swsh-crown-zenith-galarian-gallery-mewtwo-vstar,
466,Electivire,Magmortar,Furious Fists,11,https://www.tcgplayer.com/product/92182/pokemon-xy-furious-fists-magmortar,
,,Magmortar,Brilliant Stars,20,https://www.tcgplayer.com/product/263708/pokemon-swsh09-brilliant-stars-magmortar,
,,Magmortar,Crown Zenith,GG03,https://www.tcgplayer.com/product/478020/pokemon-swsh-crown-zenith-galarian-gallery-magmortar,
467,Magmortar,Electivire,Furious Fists,30,https://www.tcgplayer.com/product/92205/pokemon-xy-furious-fists-electivire,
,,Electivire,Brilliant Stars,47,https://www.tcgplayer.com/product/263751/pokemon-swsh09-brilliant-stars-electivire,
,,Electivire,Crown Zenith,GG08,https://www.tcgplayer.com/product/478025/pokemon-swsh-crown-zenith-galarian-gallery-electivire,
470,Leafeon,Dawn Stadium,Majestic Dawn,79,https://www.tcgplayer.com/product/84723/pokemon-majestic-dawn-dawn-stadium,
,,Interviewer's Questions,Unleashed,77,https://www.tcgplayer.com/product/86286/pokemon-unleashed-interviewers-questions,
,,,Call of Legends,79,https://www.tcgplayer.com/product/86287/pokemon-call-of-legends-interviewers-questions,
,,Pokémon Center,BW-P Promos,190,https://www.tcgplayer.com/product/635227/pokemon-japan-bw-p-promotional-cards-pokemon-center-190-bw-p,
,,Poncho-wearing Eevee,SM-P Promos,142,https://www.tcgplayer.com/product/598219/pokemon-japan-sm-p-sun-and-moon-promos-poncho-wearing-eevee-142-sm-p,costume
471,Glaceon,Dawn Stadium,Majestic Dawn,79,https://www.tcgplayer.com/product/84723/pokemon-majestic-dawn-dawn-stadium,
,,Grusha,Paldea Evolved,268,https://www.tcgplayer.com/product/497688/pokemon-sv02-paldea-evolved-grusha-268-193,
,,Pokémon Center,BW-P Promos,190,https://www.tcgplayer.com/product/635227/pokemon-japan-bw-p-promotional-cards-pokemon-center-190-bw-p,
,,Poncho-wearing Eevee,SM-P Promos,143,https://www.tcgplayer.com/product/598220/pokemon-japan-sm-p-sun-and-moon-promos-poncho-wearing-eevee-143-sm-p,costume
475,Mega Gallade,Gallade Spirit Link,Roaring Skies,83,https://www.tcgplayer.com/product/98119/pokemon-xy-roaring-skies-gallade-spirit-link,
,,Poncho-wearing Pikachu,XY-P Promos,274,https://www.tcgplayer.com/product/602178/pokemon-japan-xy-p-xy-promos-poncho-wearing-pikachu-274-xy-p,costume
476,Probopass,Pikachu,Art Academy Promo,Xime,,
477,Dusknoir,Gourgeist,Art Academy Promo,rina,,only partially visible
478,Froslass,Pikachu,Art Academy Promo,Ashley,,
,,Gourgeist,Art Academy Promo,rina,,
479,Rotom,Charon's Choice,Rising Rivals,RT6,https://www.tcgplayer.com/product/84238/pokemon-rising-rivals-charons-choice,
,,Ghetsis,Plasma Freeze,101,https://www.tcgplayer.com/product/85694/pokemon-plasma-freeze-ghetsis-team-plasma,
,,Gourgeist,Art Academy Promo,rina,,
,,Raichu,Evolving Skies,50,https://www.tcgplayer.com/product/246886/pokemon-swsh07-evolving-skies-raichu,
,,Ishihara-GX,Miscellaneous Promos,TPCi01,,
,,Lumiose City,Perfect Order,77,https://www.tcgplayer.com/product/684348/pokemon-me03-perfect-order-lumiose-city-077-088,satellite dish
,Rotom Dex,Rotom Dex,Sun & Moon,131,https://www.tcgplayer.com/product/127003/pokemon-sm-base-set-rotom-dex,
,,Rotom Dex,Sun & Moon,159,https://www.tcgplayer.com/product/127198/pokemon-sm-base-set-rotom-dex-secret,
,,Rotom Dex Poké Finder Mode,Burning Shadows,122,https://www.tcgplayer.com/product/138626/pokemon-sm-burning-shadows-rotom-dex-poke-finder-mode,
,,Champions Festival,SM Promos,78,https://www.tcgplayer.com/product/179429/pokemon-sm-promos-champions-festival-sm78-world-championships-2017,
,,Rotom Dex,GG End,53,https://www.tcgplayer.com/product/574229/pokemon-japan-sm10a-gg-end-rotom-dex,
,,Rowlet,MEP Promos,43,https://www.tcgplayer.com/product/684467/pokemon-me-mega-evolution-promo-rowlet-043,
,,Champions Festival,SM Promos,231,https://www.tcgplayer.com/product/198360/pokemon-sm-promos-champions-festival-sm231-world-championships-2019,picture
,Rotom Phone,Rotom Phone,Champion's Path,64,https://www.tcgplayer.com/product/223064/pokemon-champions-path-rotom-phone,
,,Raihan,Evolving Skies,152,https://www.tcgplayer.com/product/246777/pokemon-swsh07-evolving-skies-raihan,
,,Duraludon V,Evolving Skies,198,https://www.tcgplayer.com/product/246750/pokemon-swsh07-evolving-skies-duraludon-v-alternate-full-art,
,,Duraludon VMAX,Silver Tempest,TG21,https://www.tcgplayer.com/product/452035/pokemon-swsh12-silver-tempest-trainer-gallery-duraludon-vmax,
,,Raihan,Crown Zenith,140,https://www.tcgplayer.com/product/478196/pokemon-swsh-crown-zenith-raihan,
,,Raihan,Crown Zenith,GG65,https://www.tcgplayer.com/product/478095/pokemon-swsh-crown-zenith-galarian-gallery-raihan,
,,Iono,Paldea Evolved,269,https://www.tcgplayer.com/product/497689/pokemon-sv02-paldea-evolved-iono-269-193,
,,Tulip,Paradox Rift,181,https://www.tcgplayer.com/product/523862/pokemon-sv04-paradox-rift-tulip,
,,Clive,Paldean Fates,236,https://www.tcgplayer.com/product/535098/pokemon-sv-paldean-fates-clive-236-091,
,,Iono,Paldean Fates,237,https://www.tcgplayer.com/product/535101/pokemon-sv-paldean-fates-iono-237-091,
,,Raihan,SV-P Promos,130,https://www.tcgplayer.com/product/587879/pokemon-japan-sv-p-promotional-cards-raihan-130-sv-p,
,,Cassiopeia,Shrouded Fable,94,https://www.tcgplayer.com/product/560405/pokemon-sv-shrouded-fable-cassiopeia-094-064,
,,Iono's Bellibolt ex,Journey Together,183,https://www.tcgplayer.com/product/623610/pokemon-sv09-journey-together-ionos-bellibolt-ex-183-159,
,,Iono's Wattrel,Ascended Heroes,231,https://www.tcgplayer.com/product/676043/pokemon-me-ascended-heroes-ionos-wattrel-231-217,
,,Canari,Ascended Heroes,185,https://www.tcgplayer.com/product/675997/pokemon-me-ascended-heroes-canari-185-217,
,,Canari,Ascended Heroes,257,https://www.tcgplayer.com/product/676069/pokemon-me-ascended-heroes-canari-257-217,
,,Canari,Ascended Heroes,291,https://www.tcgplayer.com/product/676103/pokemon-me-ascended-heroes-canari-291-217,
,,Grookey,MEP Promos,52,,
,,Levincia,Journey Together,150,https://www.tcgplayer.com/product/623577/pokemon-sv09-journey-together-levincia,picture
,,Levincia,Destined Rivals,244,https://www.tcgplayer.com/product/633044/pokemon-sv10-destined-rivals-levincia,
,Rotom Bike,Rotom Bike,Sword & Shield,181,https://www.tcgplayer.com/product/208514/pokemon-swsh01-sword-and-shield-base-set-rotom-bike,
,,,Champion's Path,63,https://www.tcgplayer.com/product/223063/pokemon-champions-path-rotom-bike,
,,Galarian Zapdos V,Astral Radiance,TG19,https://www.tcgplayer.com/product/272491/pokemon-swsh10-astral-radiance-trainer-gallery-galarian-zapdos-v,
,Drone Rotom,Drone Rotom,Vivid Voltage,151,https://www.tcgplayer.com/product/226504/pokemon-swsh04-vivid-voltage-drone-rotom,
,,Scorbunny,MEP Promos,53,,
,Rotomi,Pokémon Center Lady,Vivid Voltage,185,https://www.tcgplayer.com/product/226545/pokemon-swsh04-vivid-voltage-pokemon-center-lady-full-art,
480,Uxie,Lake Boundary,Mysterious Treasures,112,https://www.tcgplayer.com/product/86586/pokemon-mysterious-treasures-lake-boundary,
,,Time-Space Distortion,Mysterious Treasures,124,https://www.tcgplayer.com/product/89920/pokemon-mysterious-treasures-time-space-distortion,
,,Illusion's Zorua,2010 Card Design Contest,Televi-Kun,,
481,Mesprit,Lake Boundary,Mysterious Treasures,112,https://www.tcgplayer.com/product/86586/pokemon-mysterious-treasures-lake-boundary,
,,Time-Space Distortion,Mysterious Treasures,124,https://www.tcgplayer.com/product/89920/pokemon-mysterious-treasures-time-space-distortion,
,,Illusion's Zorua,2010 Card Design Contest,Televi-Kun,,
482,Azelf,Lake Boundary,Mysterious Treasures,112,https://www.tcgplayer.com/product/86586/pokemon-mysterious-treasures-lake-boundary,
,,Time-Space Distortion,Mysterious Treasures,124,https://www.tcgplayer.com/product/89920/pokemon-mysterious-treasures-time-space-distortion,
,,Illusion's Zorua,2010 Card Design Contest,Televi-Kun,,
483,Dialga,Miracle Diamond,Battle Road Promos,-,https://www.tcgplayer.com/product/617288/pokemon-japan-battle-road-miracle-diamond,
,,Championship Arena,Miscellaneous Promos,©2006,,
,,Champion's League,Miscellaneous Promos,©2007,,
,,Arceus,2009 Card Design Contest,4th Grade,,
,,Zoroark and Legendary Pokémon,World of Illusions,-,,Jumbo
,,Nosepass,Cosmic Eclipse,106,https://www.tcgplayer.com/product/201135/pokemon-sm-cosmic-eclipse-nosepass,statue
484,Palkia,Mysterious Pearl,Battle Road Promos,-,https://www.tcgplayer.com/product/617289/pokemon-japan-battle-road-mysterious-pearl,
,,Championship Arena,Miscellaneous Promos,©2006,,
,,Champion's League,Miscellaneous Promos,©2007,,
,,Arceus,2009 Card Design Contest,4th Grade,,
,,Zekrom,XY Promos,76,https://www.tcgplayer.com/product/108606/pokemon-xy-promos-zekrom-full-art-promo,
,,Latios,XY Promos,79,https://www.tcgplayer.com/product/108609/pokemon-xy-promos-latios-full-art-promo,
,,Skrelp,Cosmic Eclipse,91,https://www.tcgplayer.com/product/201265/pokemon-sm-cosmic-eclipse-skrelp,statue
485,Heatran,Illusion's Zoroark,2010 Card Design Contest,4th Grade,,
486,Regigigas,Illusion's Zoroark,2010 Card Design Contest,4th Grade,,
487,Giratina,Arceus,2009 Card Design Contest,4th Grade,,
,,Illusion's Zoroark,2010 Card Design Contest,4th Grade,,
,,Rayquaza,BW-P Promos,-,,Jumbo
,Origin Forme Giratina,Victory Medal,DPt-P Promos,31,,
,,Wonder Platinum,DPt-P Promos,33,https://www.tcgplayer.com/product/613251/pokemon-japan-dpt-p-promotional-cards-wonder-platinum-033-dpt-p,
,,Gourgeist,Art Academy Promo,rina,,
,,Lucario,Unified Minds,117,https://www.tcgplayer.com/product/195072/pokemon-sm-unified-minds-lucario,
,,Meloetta,Unified Minds,123,https://www.tcgplayer.com/product/195080/pokemon-sm-unified-minds-meloetta,
488,Cresselia,Moonlight Stadium,Great Encounters,100,https://www.tcgplayer.com/product/87579/pokemon-great-encounters-moonlight-stadium,
,,Spiky-Eared Pichu M,2009 Card Design Contest,Pokémon Fan,,
,,Mewtwo-EX,BREAKthrough,164,https://www.tcgplayer.com/product/107283/pokemon-xy-breakthrough-mewtwo-ex-164-secret-full-art,
,,All-Night Party,BREAKpoint,96,https://www.tcgplayer.com/product/111569/pokemon-xy-breakpoint-all-night-party,
489,Phione,Empoleon,Legendary Treasures,35,https://www.tcgplayer.com/product/85204/pokemon-legendary-treasures-empoleon,
,,Manaphy,XY Promos,113,https://www.tcgplayer.com/product/118861/pokemon-xy-promos-manaphy,
490,Manaphy,Captain Pikachu,Pokémon Center promo,-,https://www.tcgplayer.com/product/617410/pokemon-japan-unnumbered-promotional-cards-captain-pikachu,Jumbo
,,Arceus,2009 Card Design Contest,3rd Grade,,
,,Illusion's Zoroark,2010 Card Design Contest,4th Grade,,
,,Gyarados-EX,BREAKpoint,123,https://www.tcgplayer.com/product/111531/pokemon-xy-breakpoint-gyarados-ex-secret,
,,Manaphy's Egg,VS: Sea's Manaphy,16,https://www.tcgplayer.com/product/613792/pokemon-japan-movie-commemoration-vs-pack-seas-manaphy-manaphys-egg,Egg
491,Darkrai,Moonlight Stadium,Great Encounters,100,https://www.tcgplayer.com/product/87579/pokemon-great-encounters-moonlight-stadium,
,,Illusion's Zoroark,2010 Card Design Contest,4th Grade,,
,,Mega Darkrai ex,Abyss Eye,99,https://www.tcgplayer.com/product/694998/pokemon-japan-m5-abyss-eye-mega-darkrai-ex-099-081,
492,Shaymin,Spiky-Eared Pichu M,2009 Card Design Contest,Televi-Kun,,
,Sky Forme Shaymin,Tropical Wind,DP Promos,48,https://www.tcgplayer.com/product/90056/pokemon-diamond-and-pearl-promos-tropical-wind-dp48-worlds-09,
,,Illusion's Zoroark,2010 Card Design Contest,4th Grade,,
493,Arceus,Beginning Door,Arceus,82,https://www.tcgplayer.com/product/83777/pokemon-arceus-beginning-door,
,,,DP Promos,54,,this card only released in French
,,Ultimate Zone,Arceus,91,https://www.tcgplayer.com/product/90133/pokemon-arceus-ultimate-zone,
,,,DP Promos,55,,this card only released in French
,,Victory Medal,DPt-P Promos,36,,
,,Ultimate Zone,DPt-P Promos,48,https://www.tcgplayer.com/product/613247/pokemon-japan-dpt-p-promotional-cards-ultimate-zone-048-dpt-p,
,,Victory Medal,DPt-P Promos,51,https://www.tcgplayer.com/product/613250/pokemon-japan-dpt-p-promotional-cards-victory-medal-051-dpt-p,
,,Spiky-Eared Pichu M,2009 Card Design Contest,Kindergarten,,
,,Illusion's Zoroark,2010 Card Design Contest,4th Grade,,
,,Celebratory Fanfare,S-P Promos,306,https://www.tcgplayer.com/product/597479/pokemon-japan-s-p-sword-and-shield-promos-celebration-fanfare-306-s-p,
,,Champions Festival,XY Promos,91,https://www.tcgplayer.com/product/199311/pokemon-xy-promos-champions-festival-2015,statue
,,Teddiursa,Cosmic Eclipse,171,https://www.tcgplayer.com/product/201293/pokemon-sm-cosmic-eclipse-teddiursa,
,,Temple of Sinnoh,Astral Radiance,155,https://www.tcgplayer.com/product/272407/pokemon-swsh10-astral-radiance-temple-of-sinnoh,
,,Temple of Sinnoh,Astral Radiance,214,https://www.tcgplayer.com/product/272469/pokemon-swsh10-astral-radiance-temple-of-sinnoh-secret,
,,Klara,Chilling Reign,194,https://www.tcgplayer.com/product/241845/pokemon-swsh06-chilling-reign-klara-full-art,RKS Laboratories logo
,,,Chilling Reign,217,https://www.tcgplayer.com/product/241846/pokemon-swsh06-chilling-reign-klara-secret,
,,Arc Phone,Lost Origin,152,https://www.tcgplayer.com/product/284082/pokemon-swsh11-lost-origin-arc-phone,Arc Phone
,,Bronzor,Astral Radiance,111,https://www.tcgplayer.com/product/272332/pokemon-swsh10-astral-radiance-bronzor,ring symbol