,Cameo Trainer,Card name,Set,#,TCGPlayer Link,Notes
KANTO,Red,Red's Pikachu,SM-P Promos,270,https://www.tcgplayer.com/product/598347/pokemon-japan-sm-p-sun-and-moon-promos-reds-pikachu-270-sm-p,
,,Pikachu,Cosmic Eclipse,241,https://www.tcgplayer.com/product/201352/pokemon-sm-cosmic-eclipse-pikachu-secret,
,,Pikachu V,Lost Origin,TG16,https://www.tcgplayer.com/product/284278/pokemon-swsh11-lost-origin-trainer-gallery-pikachu-v,
,,Pikachu VMAX,Lost Origin,TG17,https://www.tcgplayer.com/product/284283/pokemon-swsh11-lost-origin-trainer-gallery-pikachu-vmax,
,Blue,Flareon,Brilliant Stars,TG01,https://www.tcgplayer.com/product/264210/pokemon-swsh09-brilliant-stars-trainer-gallery-flareon,
,,Vaporeon,Brilliant Stars,TG02,https://www.tcgplayer.com/product/264211/pokemon-swsh09-brilliant-stars-trainer-gallery-vaporeon,
,,Jolteon,Brilliant Stars,TG04,https://www.tcgplayer.com/product/264213/pokemon-swsh09-brilliant-stars-trainer-gallery-jolteon,
,Brock,Blaine's Quiz #3,Gym Challenge,112,https://www.tcgplayer.com/product/83881/pokemon-gym-challenge-blaines-quiz-3,
,,Brock's Mudkip,ADV-P Promos,38,https://www.tcgplayer.com/product/613592/pokemon-japan-adv-p-promotional-cards-brocks-mudkip-038-adv-p,
,,Croagunk M,Movie Commemoration Random Pack,13,https://www.tcgplayer.com/product/613751/pokemon-japan-movie-commemoration-random-pack-croagunk-m-013-022,
,,Gym Badge,XY Promos,203,https://www.tcgplayer.com/product/127141/pokemon-xy-promos-gym-badge-brock,
,Misty,Misty's Tentacool,Gym Heroes,57,https://www.tcgplayer.com/product/87551/pokemon-gym-heroes-mistys-tentacool-57,
,,Sabrina's Psychic Control,Gym Challenge,121,https://www.tcgplayer.com/product/88886/pokemon-gym-challenge-sabrinas-psychic-control,
,,Lapras,BREAKpoint,28,https://www.tcgplayer.com/product/111534/pokemon-xy-breakpoint-lapras,
,,Gym Badge,XY Promos,204,https://www.tcgplayer.com/product/127142/pokemon-xy-promos-gym-badge-misty,
,,Lapras,Unified Minds,36,https://www.tcgplayer.com/product/194957/pokemon-sm-unified-minds-lapras,
,,Starmie V,Astral Radiance,TG13,https://www.tcgplayer.com/product/272484/pokemon-swsh10-astral-radiance-trainer-gallery-starmie-v,
,,Misty's Psyduck,Destined Rivals,193,https://www.tcgplayer.com/product/632993/pokemon-sv10-destined-rivals-mistys-psyduck-193-182,
,,Misty's Lapras,Destined Rivals,194,https://www.tcgplayer.com/product/632994/pokemon-sv10-destined-rivals-mistys-lapras-194-182,
,,Copycat,HeartGold & SoulSilver,90,https://www.tcgplayer.com/product/84426/pokemon-heartgold-soulsilver-copycat,costume
,,,Call of Legends,77,https://www.tcgplayer.com/product/84428/pokemon-call-of-legends-copycat,
,Lt. Surge,Secret Mission,Gym Heroes,118,https://www.tcgplayer.com/product/89035/pokemon-gym-heroes-secret-mission,
,,Gym Badge,XY Promos,205,https://www.tcgplayer.com/product/127143/pokemon-xy-promos-gym-badge-lt-surge,
,,Magnemite,Cosmic Eclipse,242,https://www.tcgplayer.com/product/201353/pokemon-sm-cosmic-eclipse-magnemite-secret,
,Erika,Charity,Gym Heroes,99,https://www.tcgplayer.com/product/84182/pokemon-gym-heroes-charity,
,,Good Manners,Gym Heroes,111,https://www.tcgplayer.com/product/85839/pokemon-gym-heroes-good-manners,
,,Gym Badge,XY Promos,206,https://www.tcgplayer.com/product/127144/pokemon-xy-promos-gym-badge-erika,
,,Vileplume-GX,Cosmic Eclipse,4,https://www.tcgplayer.com/product/201139/pokemon-sm-cosmic-eclipse-vileplume-gx,
,,Vileplume-GX,Cosmic Eclipse,211,https://www.tcgplayer.com/product/201331/pokemon-sm-cosmic-eclipse-vileplume-gx-full-art,
,,,Cosmic Eclipse,250,https://www.tcgplayer.com/product/201610/pokemon-sm-cosmic-eclipse-vileplume-gx-secret,
,,Erika's Tangela,Ascended Heroes,218,https://www.tcgplayer.com/product/676030/pokemon-me-ascended-heroes-erikas-tangela-218-217,
,Koga,Gym Badge,XY Promos,207,https://www.tcgplayer.com/product/127145/pokemon-xy-promos-gym-badge-koga,
,Janine,Tentacool,Unbroken Bonds,40,https://www.tcgplayer.com/product/189116/pokemon-sm-unbroken-bonds-tentacool,
,,Ariados,Brilliant Stars,TG09,https://www.tcgplayer.com/product/264204/pokemon-swsh09-brilliant-stars-trainer-gallery-ariados,
,Sabrina,Gym Badge,XY Promos,208,https://www.tcgplayer.com/product/129720/pokemon-xy-promos-gym-badge-sabrina,
,Blaine,Fervor,Gym Challenge,124,https://www.tcgplayer.com/product/85430/pokemon-gym-challenge-fervor,
,,Gym Badge,XY Promos,209,https://www.tcgplayer.com/product/129718/pokemon-xy-promos-gym-badge-blaine,
,,Copycat,Expedition,138,https://www.tcgplayer.com/product/84423/pokemon-expedition-copycat,costume
,,,Team Rocket Returns,83,https://www.tcgplayer.com/product/84424/pokemon-team-rocket-returns-copycat,
,,,Dragon Frontiers,73,https://www.tcgplayer.com/product/84425/pokemon-dragon-frontiers-copycat,
,,,Celestial Storm,127,https://www.tcgplayer.com/product/170988/pokemon-sm-celestial-storm-copycat,
,,Copycat,Celestial Storm,163,https://www.tcgplayer.com/product/171015/pokemon-sm-celestial-storm-copycat-full-art,
,Giovanni,The Boss's Way,Team Rocket,73,https://www.tcgplayer.com/product/89894/pokemon-team-rocket-the-bosss-way,
,,,Legendary Collection,105,https://www.tcgplayer.com/product/89895/pokemon-legendary-collection-the-bosss-way,
,,Dark Persian,Wizards Promos,17,https://www.tcgplayer.com/product/84638/pokemon-wotc-promo-dark-persian,much easier to see on the Japanese print; I promise he's there
,,Gym Badge,XY Promos,210,https://www.tcgplayer.com/product/129719/pokemon-xy-promos-gym-badge-giovanni,
,,Rhydon,Unbroken Bonds,94,https://www.tcgplayer.com/product/189193/pokemon-sm-unbroken-bonds-rhydon,
,,Team Rocket's Meowth,Destined Rivals,203,https://www.tcgplayer.com/product/633003/pokemon-sv10-destined-rivals-team-rockets-meowth-203-182,
,,Team Rocket's Mewtwo ex,Destined Rivals,213,https://www.tcgplayer.com/product/633013/pokemon-sv10-destined-rivals-team-rockets-mewtwo-ex-213-182,
,,,Destined Rivals,240,https://www.tcgplayer.com/product/633040/pokemon-sv10-destined-rivals-team-rockets-mewtwo-ex-240-182,
,,Team Rocket's Nidoking ex,Destined Rivals,216,https://www.tcgplayer.com/product/633016/pokemon-sv10-destined-rivals-team-rockets-nidoking-ex-216-182,
,,Team Rocket's Persian ex,Destined Rivals,219,https://www.tcgplayer.com/product/633019/pokemon-sv10-destined-rivals-team-rockets-persian-ex-219-182,
,,Team Rocket's Mewtwo ex,Destined Rivals,231,https://www.tcgplayer.com/product/633031/pokemon-sv10-destined-rivals-team-rockets-mewtwo-ex-231-182,
,,Team Rocket's Nidoking ex,Destined Rivals,233,https://www.tcgplayer.com/product/633033/pokemon-sv10-destined-rivals-team-rockets-nidoking-ex-233-182,
,,Team Rocket's Dugtrio,Ascended Heroes,239,https://www.tcgplayer.com/product/676051/pokemon-me-ascended-heroes-team-rockets-dugtrio-239-217,
,,Team Rocket's Mewtwo ex,Ascended Heroes,281,https://www.tcgplayer.com/product/676093/pokemon-me-ascended-heroes-team-rockets-mewtwo-ex-281-217,
,Lance,Lance's Charizard V,SWSH Promos,133,https://www.tcgplayer.com/product/251089/pokemon-swsh-sword-and-shield-promo-cards-lances-charizard-v-swsh133,
,Bill,Eevee,Brilliant Stars,TG11,https://www.tcgplayer.com/product/264218/pokemon-swsh09-brilliant-stars-trainer-gallery-eevee,
,Jessie,Here Comes Team Rocket!,Team Rocket,15,https://www.tcgplayer.com/product/86073/pokemon-team-rocket-here-comes-team-rocket-15,
,,,Team Rocket,71,https://www.tcgplayer.com/product/86074/pokemon-team-rocket-here-comes-team-rocket-71,
,,,Evolutions,113,https://www.tcgplayer.com/product/124126/pokemon-xy-evolutions-here-comes-team-rocket,
,,,Celebrations,15,https://www.tcgplayer.com/product/250323/pokemon-celebrations-classic-collection-here-comes-team-rocket,
,,Here Comes Team Rocket!,Team Rocket Returns,111,https://www.tcgplayer.com/product/86075/pokemon-team-rocket-returns-here-comes-team-rocket,
,,Meowth M,Movie Commemoration Random Pack,17,https://www.tcgplayer.com/product/613757/pokemon-japan-movie-commemoration-random-pack-meowth-m-017-022,
,,Here Comes Team Rocket!,XY-P Promos,278,https://www.tcgplayer.com/product/602182/pokemon-japan-xy-p-xy-promos-here-comes-team-rocket-278-xy-p,
,,Wobbuffet,Ash vs Team Rocket,8,https://www.tcgplayer.com/product/598637/pokemon-japan-smd-ash-vs-team-rocket-deck-kit-wobbuffet,
,,Team Rocket's Mimikyu-GX,Ash vs Team Rocket,10,https://www.tcgplayer.com/product/598639/pokemon-japan-smd-ash-vs-team-rocket-deck-kit-team-rockets-mimikyu-gx,
,,Bewear,Ash vs Team Rocket,18,https://www.tcgplayer.com/product/598647/pokemon-japan-smd-ash-vs-team-rocket-deck-kit-bewear,
,,Team Rocket's Harassment,Ash vs Team Rocket,16,https://www.tcgplayer.com/product/598656/pokemon-japan-smd-ash-vs-team-rocket-deck-kit-team-rockets-harassment,
,,Arbok,Hidden Fates,27,https://www.tcgplayer.com/product/197671/pokemon-hidden-fates-arbok,
,James,Here Comes Team Rocket!,Team Rocket,15,https://www.tcgplayer.com/product/86073/pokemon-team-rocket-here-comes-team-rocket-15,
,,,Team Rocket,71,https://www.tcgplayer.com/product/86074/pokemon-team-rocket-here-comes-team-rocket-71,
,,,Evolutions,113,https://www.tcgplayer.com/product/124126/pokemon-xy-evolutions-here-comes-team-rocket,
,,,Celebrations,15,https://www.tcgplayer.com/product/250323/pokemon-celebrations-classic-collection-here-comes-team-rocket,
,,Here Comes Team Rocket!,Team Rocket Returns,111,https://www.tcgplayer.com/product/86075/pokemon-team-rocket-returns-here-comes-team-rocket,
,,Meowth M,Movie Commemoration Random Pack,17,https://www.tcgplayer.com/product/613757/pokemon-japan-movie-commemoration-random-pack-meowth-m-017-022,
,,Here Comes Team Rocket!,XY-P Promos,278,https://www.tcgplayer.com/product/602182/pokemon-japan-xy-p-xy-promos-here-comes-team-rocket-278-xy-p,
,,Mareanie,Ash vs Team Rocket,2,https://www.tcgplayer.com/product/598631/pokemon-japan-smd-ash-vs-team-rocket-deck-kit-mareanie,
,,Wobbuffet,Ash vs Team Rocket,8,https://www.tcgplayer.com/product/598637/pokemon-japan-smd-ash-vs-team-rocket-deck-kit-wobbuffet,
,,Team Rocket's Mimikyu-GX,Ash vs Team Rocket,10,https://www.tcgplayer.com/product/598639/pokemon-japan-smd-ash-vs-team-rocket-deck-kit-team-rockets-mimikyu-gx,
,,Bewear,Ash vs Team Rocket,18,https://www.tcgplayer.com/product/598647/pokemon-japan-smd-ash-vs-team-rocket-deck-kit-bewear,
,,Team Rocket's Harassment,Ash vs Team Rocket,26,https://www.tcgplayer.com/product/598656/pokemon-japan-smd-ash-vs-team-rocket-deck-kit-team-rockets-harassment,
,,Weezing,Hidden Fates,29,https://www.tcgplayer.com/product/197673/pokemon-hidden-fates-weezing,
,Kouichi Ooyama,Pokémon Machine,Expansion Sheet 3,-,,
,,Exeggutor,Tropical Mega Battle Promo,-,https://www.tcgplayer.com/product/617370/pokemon-japan-unnumbered-promotional-cards-exeggutor-tropical-mega-battle,
,,,Evolutions,109,https://www.tcgplayer.com/product/124122/pokemon-xy-evolutions-exeggutor,
,Imakuni?,Lose?,Expansion Sheet 3,-,https://www.tcgplayer.com/product/617536/pokemon-japan-vending-machine-cards-series-3-green-lose,
,,Imakuni?'s Doduo,Challenge from the Darkness,-,https://www.tcgplayer.com/product/575361/pokemon-japan-challenge-from-the-darkness-imakunis-doduo,
,,,Evolutions,112,https://www.tcgplayer.com/product/124125/pokemon-xy-evolutions-imakunis-doduo,
,,Lucky Stadium,Neo Destiny,100,https://www.tcgplayer.com/product/86893/pokemon-neo-destiny-lucky-stadium,
,,Imakuni?'s Whismur,T Promos,22,https://www.tcgplayer.com/product/613967/pokemon-japan-t-promotional-cards-imakunis-whismur,
,,Imakuni?'s Loudred,T Promos,23,https://www.tcgplayer.com/product/613968/pokemon-japan-t-promotional-cards-imakunis-loudred,
,,Imakuni?'s Exploud ex,T Promos,24,https://www.tcgplayer.com/product/613969/pokemon-japan-t-promotional-cards-imakunis-exploud-ex,
,,Suzukisan,XY-P Promos,297,https://www.tcgplayer.com/product/602201/pokemon-japan-xy-p-xy-promos-suzukisan-297-xy-p,
,Ash,Ash's Treecko,ADV-P Promos,36,https://www.tcgplayer.com/product/613589/pokemon-japan-adv-p-promotional-cards-ashs-treecko-036-adv-p,
,,Pikachu M,Movie Commemoration Random Pack,12,https://www.tcgplayer.com/product/613759/pokemon-japan-movie-commemoration-random-pack-pikachu-m-012-022,
,,Staraptor M,Movie Commemoration Random Pack,18,https://www.tcgplayer.com/product/613764/pokemon-japan-movie-commemoration-random-pack-staraptor-m-018-022,
,,Rowlet,Ash vs Team Rocket,1,https://www.tcgplayer.com/product/598630/pokemon-japan-smd-ash-vs-team-rocket-deck-kit-rowlet,
,,Ash's Pikachu-GX,Ash vs Team Rocket,5,https://www.tcgplayer.com/product/598634/pokemon-japan-smd-ash-vs-team-rocket-deck-kit-ashs-pikachu-gx,
,,Tauros,Ash vs Team Rocket,14,https://www.tcgplayer.com/product/598643/pokemon-japan-smd-ash-vs-team-rocket-deck-kit-tauros,
,,Litten,SM-P Promos,59,https://www.tcgplayer.com/product/598136/pokemon-japan-sm-p-sun-and-moon-promos-litten-059-sm-p,
,,Pikachu,SM Promos,227,https://www.tcgplayer.com/product/205170/pokemon-sm-promos-pikachu-sm227,
,,Ash's Pikachu,SM Promos,108,https://www.tcgplayer.com/product/151973/pokemon-sm-promos-ashs-pikachu-sm108,hat
,,Ash's Pikachu,SM Promos,109,https://www.tcgplayer.com/product/151974/pokemon-sm-promos-ashs-pikachu-sm109,
,,Ash's Pikachu,SM Promos,110,https://www.tcgplayer.com/product/152673/pokemon-sm-promos-ashs-pikachu-sm110,
,,Ash's Pikachu,SM Promos,111,https://www.tcgplayer.com/product/153995/pokemon-sm-promos-ashs-pikachu-sm111,
,,Ash's Pikachu,SM Promos,112,https://www.tcgplayer.com/product/153996/pokemon-sm-promos-ashs-pikachu-sm112,
,,Ash's Pikachu,SM Promos,113,https://www.tcgplayer.com/product/153997/pokemon-sm-promos-ashs-pikachu-sm113,
,,Ash's Pikachu,SM Promos,114,https://www.tcgplayer.com/product/153998/pokemon-sm-promos-ashs-pikachu-sm114,
,Sird,Rocket's Admin.,Team Rocket Returns,86,https://www.tcgplayer.com/product/88767/pokemon-team-rocket-returns-rockets-admin,
,,,Celebrations,86,https://www.tcgplayer.com/product/250329/pokemon-celebrations-classic-collection-rockets-admin,
,,,TCG Classic: Venusaur Deck,26,https://www.tcgplayer.com/product/591973/pokemon-japan-pokemon-tcg-classic-venusaur-rockets-admin-clf,
,,,TCG Classic: Charizard Deck,25,https://www.tcgplayer.com/product/591939/pokemon-japan-pokemon-tcg-classic-charizard-rockets-admin-cll,
,,,TCG Classic: Blastoise Deck,27,https://www.tcgplayer.com/product/591905/pokemon-japan-pokemon-tcg-classic-blastoise-rockets-admin-clb,
JOHTO,Ethan,Ethan's Typhlosion,Destined Rivals,190,https://www.tcgplayer.com/product/632990/pokemon-sv10-destined-rivals-ethans-typhlosion-190-182,
,,Ethan's Ho-Oh ex,Destined Rivals,209,https://www.tcgplayer.com/product/633009/pokemon-sv10-destined-rivals-ethans-ho-oh-ex-209-182,
,,,Destined Rivals,239,https://www.tcgplayer.com/product/633039/pokemon-sv10-destined-rivals-ethans-ho-oh-ex-239-182,
,,Ethan's Ho-Oh ex,Destined Rivals,230,https://www.tcgplayer.com/product/633030/pokemon-sv10-destined-rivals-ethans-ho-oh-ex-230-182,
,,Ethan's Magcargo,Ascended Heroes,222,https://www.tcgplayer.com/product/676034/pokemon-me-ascended-heroes-ethans-magcargo-222-217,
,,Copycat,Expedition,138,https://www.tcgplayer.com/product/84423/pokemon-expedition-copycat,costume
,,,Team Rocket Returns,83,https://www.tcgplayer.com/product/84424/pokemon-team-rocket-returns-copycat,
,,,Dragon Frontiers,73,https://www.tcgplayer.com/product/84425/pokemon-dragon-frontiers-copycat,
,,,Celestial Storm,127,https://www.tcgplayer.com/product/170988/pokemon-sm-celestial-storm-copycat,
,,Copycat,HeartGold & SoulSilver,90,https://www.tcgplayer.com/product/84426/pokemon-heartgold-soulsilver-copycat,
,,,Call of Legends,03 17,https://www.tcgplayer.com/product/84428/pokemon-call-of-legends-copycat,
,,Copycat,Celestial Storm,163,https://www.tcgplayer.com/product/171015/pokemon-sm-celestial-storm-copycat-full-art,
,,Copycat,Evolving Skies,143,https://www.tcgplayer.com/product/246768/pokemon-swsh07-evolving-skies-copycat,
,,Copycat,Evolving Skies,200,https://www.tcgplayer.com/product/246793/pokemon-swsh07-evolving-skies-copycat-full-art,
,,,Evolving Skies,222,https://www.tcgplayer.com/product/246794/pokemon-swsh07-evolving-skies-copycat-secret,
,Silver,Crobat V,Lost Origin,TG20,https://www.tcgplayer.com/product/284290/pokemon-swsh11-lost-origin-trainer-gallery-crobat-v,
,Professor Elm,Copycat,HeartGold & SoulSilver,90,https://www.tcgplayer.com/product/84426/pokemon-heartgold-soulsilver-copycat,costume
,,,Call of Legends,77,https://www.tcgplayer.com/product/84428/pokemon-call-of-legends-copycat,
,Bugsy,Orbeetle V,Lost Origin,TG12,https://www.tcgplayer.com/product/284272/pokemon-swsh11-lost-origin-trainer-gallery-orbeetle-v,
,,Orbeetle VMAX,Lost Origin,TG13,https://www.tcgplayer.com/product/284273/pokemon-swsh11-lost-origin-trainer-gallery-orbeetle-vmax,
,Whitney,Miltank,Lost Thunder,158,https://www.tcgplayer.com/product/178979/pokemon-sm-lost-thunder-miltank,
,Morty,Dusknoir,Brilliant Stars,TG06,https://www.tcgplayer.com/product/264214/pokemon-swsh09-brilliant-stars-trainer-gallery-dusknoir,
,Jasmine,Mary's Request,Unseen Forces,86,https://www.tcgplayer.com/product/87243/pokemon-unseen-forces-marys-request,
,,Steelix,Cosmic Eclipse,247,https://www.tcgplayer.com/product/201358/pokemon-sm-cosmic-eclipse-steelix-secret,
,,Bronzong,Astral Radiance,TG11,https://www.tcgplayer.com/product/272482/pokemon-swsh10-astral-radiance-trainer-gallery-bronzong,
,Pryce,Abomasnow,Astral Radiance,TG01,https://www.tcgplayer.com/product/272472/pokemon-swsh10-astral-radiance-trainer-gallery-abomasnow,
,Clair,Kingdra,Astral Radiance,TG03,https://www.tcgplayer.com/product/272474/pokemon-swsh10-astral-radiance-trainer-gallery-kingdra,
,Will,Jynx,Silver Tempest,TG04,https://www.tcgplayer.com/product/452018/pokemon-swsh12-silver-tempest-trainer-gallery-jynx,
,Karen,Umbreon V,Brilliant Stars,TG22,https://www.tcgplayer.com/product/264207/pokemon-swsh09-brilliant-stars-trainer-gallery-umbreon-v,
,,Umbreon VMAX,Brilliant Stars,TG23,https://www.tcgplayer.com/product/264206/pokemon-swsh09-brilliant-stars-trainer-gallery-umbreon-vmax,
,Proton,Team Rocket's Trickery,Undaunted,78,https://www.tcgplayer.com/product/89852/pokemon-undaunted-team-rockets-trickery,
,,Team Rocket's Spidops,Destined Rivals,187,https://www.tcgplayer.com/product/632987/pokemon-sv10-destined-rivals-team-rockets-spidops-187-182,
,,Team Rocket's Giovanni,Destined Rivals,238,https://www.tcgplayer.com/product/633038/pokemon-sv10-destined-rivals-team-rockets-giovanni-238-182,
,,Team Rocket's Mimikyu,Ascended Heroes,238,https://www.tcgplayer.com/product/676050/pokemon-me-ascended-heroes-team-rockets-mimikyu-238-217,
,Petrel,Team Rocket's Trickery,Undaunted,78,https://www.tcgplayer.com/product/89852/pokemon-undaunted-team-rockets-trickery,
,,Team Rocket's Weezing,Destined Rivals,199,https://www.tcgplayer.com/product/632999/pokemon-sv10-destined-rivals-team-rockets-weezing-199-182,
,,Team Rocket's Giovanni,Destined Rivals,238,https://www.tcgplayer.com/product/633038/pokemon-sv10-destined-rivals-team-rockets-giovanni-238-182,
,Ariana,Team Rocket's Evil Deeds,Neo Destiny,103,https://www.tcgplayer.com/product/89850/pokemon-neo-destiny-team-rockets-evil-deeds,
,,Team Rocket's Murkrow,Destined Rivals,200,https://www.tcgplayer.com/product/633000/pokemon-sv10-destined-rivals-team-rockets-murkrow-200-182,
,,Team Rocket's Giovanni,Destined Rivals,238,https://www.tcgplayer.com/product/633038/pokemon-sv10-destined-rivals-team-rockets-giovanni-238-182,
,Archer,Team Rocket's Evil Deeds,Neo Destiny,103,https://www.tcgplayer.com/product/89850/pokemon-neo-destiny-team-rockets-evil-deeds,
,,Team Rocket's Houndoom,Destined Rivals,191,https://www.tcgplayer.com/product/632991/pokemon-sv10-destined-rivals-team-rockets-houndoom-191-182,
,,Team Rocket's Moltres ex,Destined Rivals,208,https://www.tcgplayer.com/product/633008/pokemon-sv10-destined-rivals-team-rockets-moltres-ex-208-182,
,,Team Rocket's Moltres ex,Destined Rivals,229,https://www.tcgplayer.com/product/633029/pokemon-sv10-destined-rivals-team-rockets-moltres-ex-229-182,
,,Team Rocket's Giovanni,Destined Rivals,238,https://www.tcgplayer.com/product/633038/pokemon-sv10-destined-rivals-team-rockets-giovanni-238-182,
,Iron-Masked Marauder,Rocket's Tyranitar,VS,142,https://www.tcgplayer.com/product/647554/pokemon-japan-pokemon-vs-rockets-tyranitar,
,,Rocket's Scizor,Best of Game,4,https://www.tcgplayer.com/product/88786/pokemon-best-of-promos-rockets-scizor-4,
,,Rocker's Sneasel,Best of Game,5,https://www.tcgplayer.com/product/88793/pokemon-best-of-promos-rockets-sneasel-5,
,Junichi Masuda,Psyduck,XY-P Promos,-,,
HOENN,May,May's Torchic,ADV-P Promos,37,https://www.tcgplayer.com/product/613619/pokemon-japan-adv-p-promotional-cards-mays-torchic-037-adv-p,
,,Blaziken,Silver Tempest,TG14,https://www.tcgplayer.com/product/452030/pokemon-swsh12-silver-tempest-trainer-gallery-blaziken-v,
,,Blaziken VMAX,Silver Tempest,TG15,https://www.tcgplayer.com/product/452031/pokemon-swsh12-silver-tempest-trainer-gallery-blaziken-vmax,
,Wally,Gallade,Cosmic Eclipse,244,https://www.tcgplayer.com/product/201355/pokemon-sm-cosmic-eclipse-gallade-secret,
,Roxanne,Gym Badge,XY-P Promos,-,,
,Brawly,Gym Badge,XY-P Promos,-,,
,Wattson,Gym Badge,XY-P Promos,-,,
,Flannery,Gym Badge,XY-P Promos,-,,
,,Torkoal,Cosmic Eclipse,237,https://www.tcgplayer.com/product/201348/pokemon-sm-cosmic-eclipse-torkoal-secret,
,Norman,Gym Badge,XY-P Promos,-,,
,Winona,Gym Badge,XY-P Promos,-,,
,Tate,Gym Badge,XY-P Promos,-,,
,Liza,Gym Badge,XY-P Promos,-,,
,Wallace,Gym Badge,XY-P Promos,-,,
,,Milotic,Silver Tempest,TG02,https://www.tcgplayer.com/product/452016/pokemon-swsh12-silver-tempest-trainer-gallery-milotic,
,Sidney,Mightyena,Astral Radiance,TG09,https://www.tcgplayer.com/product/272480/pokemon-swsh10-astral-radiance-trainer-gallery-mightyena,
,Phoebe,Banette,Lost Origin,TG07,https://www.tcgplayer.com/product/284267/pokemon-swsh11-lost-origin-trainer-gallery-banette,
,Steven,Metagross,Celestial Storm,95,https://www.tcgplayer.com/product/170920/pokemon-sm-celestial-storm-metagross,
,,Steven's Beldum,SVP Promos,207,https://www.tcgplayer.com/product/635457/pokemon-sv-scarlet-and-violet-promo-cards-stevens-beldum-207,
,,Steven's Metagross ex,Ascended Heroes,289,https://www.tcgplayer.com/product/676101/pokemon-me-ascended-heroes-stevens-metagross-ex,
,Lisia,Altaria,Silver Tempest,TG11,https://www.tcgplayer.com/product/452027/pokemon-swsh12-silver-tempest-trainer-gallery-altaria,
,Zinnia,Rayquaza V,Evolving Skies,194,https://www.tcgplayer.com/product/246728/pokemon-swsh07-evolving-skies-rayquaza-v-alternate-full-art,
,,Rayquaza VMAX,Silver Tempest,TG20,https://www.tcgplayer.com/product/452034/pokemon-swsh12-silver-tempest-trainer-gallery-rayquaza-vmax,
,Gabby,TV Reporter,Dragon,88,https://www.tcgplayer.com/product/90083/pokemon-dragon-tv-reporter,
,,,POP Series 2,11,https://www.tcgplayer.com/product/90084/pokemon-pop-series-2-tv-reporter,
,,,Dragon Frontiers,82,https://www.tcgplayer.com/product/90085/pokemon-dragon-frontiers-tv-reporter,
,,,Celestial Storm,149,https://www.tcgplayer.com/product/171010/pokemon-sm-celestial-storm-tv-reporter,
,,TV Reporter,Celestial Storm,167,https://www.tcgplayer.com/product/171019/pokemon-sm-celestial-storm-tv-reporter-full-art,
,Ty,TV Reporter,Dragon,88,https://www.tcgplayer.com/product/90083/pokemon-dragon-tv-reporter,
,,,POP Series 2,11,https://www.tcgplayer.com/product/90084/pokemon-pop-series-2-tv-reporter,
,,,Dragon Frontiers,82,https://www.tcgplayer.com/product/90085/pokemon-dragon-frontiers-tv-reporter,
,,,Celestial Storm,149,https://www.tcgplayer.com/product/171010/pokemon-sm-celestial-storm-tv-reporter,
,,TV Reporter,Celestial Storm,167,https://www.tcgplayer.com/product/171019/pokemon-sm-celestial-storm-tv-reporter-full-art,
,Courtney,Team Magma's Groudon-EX,Double Crisis,15,https://www.tcgplayer.com/product/97061/pokemon-double-crisis-team-magmas-groudon-ex,
,,Team Magma Admin,Double Crisis,29,https://www.tcgplayer.com/product/97075/pokemon-double-crisis-team-magma-admin,
,,Groudon,Celebrations ,17,https://www.tcgplayer.com/product/250314/pokemon-celebrations-groudon,
,Tabitha,Team Magma's Groudon-EX,Double Crisis,15,https://www.tcgplayer.com/product/97061/pokemon-double-crisis-team-magmas-groudon-ex,
,,Team Magma Admin,Double Crisis,29,https://www.tcgplayer.com/product/97075/pokemon-double-crisis-team-magma-admin,
,,Groudon,Celebrations ,17,https://www.tcgplayer.com/product/250314/pokemon-celebrations-groudon,
,Shelly,Team Aqua's Kyogre-EX,Double Crisis,6,https://www.tcgplayer.com/product/97052/pokemon-double-crisis-team-aquas-kyogre-ex,
,,Team Aqua Admin,Double Crisis,25,https://www.tcgplayer.com/product/97071/pokemon-double-crisis-team-aqua-admin,
,,Kyogre,Celebrations ,3,https://www.tcgplayer.com/product/250298/pokemon-celebrations-kyogre,
,Matt,Team Aqua's Kyogre-EX,Double Crisis,6,https://www.tcgplayer.com/product/97052/pokemon-double-crisis-team-aquas-kyogre-ex,
,,Team Aqua Admin,Double Crisis,25,https://www.tcgplayer.com/product/97071/pokemon-double-crisis-team-aqua-admin,
,,Kyogre,Celebrations ,3,https://www.tcgplayer.com/product/250298/pokemon-celebrations-kyogre,
SINNOH,Lucas,Friends in Sinnoh,Crown Zenith,131,https://www.tcgplayer.com/product/478182/pokemon-swsh-crown-zenith-friends-in-sinnoh,
,,Friends in Sinnoh,Crown Zenith,149,https://www.tcgplayer.com/product/478119/pokemon-swsh-crown-zenith-friends-in-sinnoh-full-art,
,Dawn,Mom's Kindness,Majestic Dawn,83,https://www.tcgplayer.com/product/87569/pokemon-majestic-dawn-moms-kindness,
,,Piplup M,Movie Commemoration Random Pack,7,https://www.tcgplayer.com/product/613760/pokemon-japan-movie-commemoration-random-pack-piplup-m-007-022,
,,Buneary M,Movie Commemoration Random Pack,19,https://www.tcgplayer.com/product/613749/pokemon-japan-movie-commemoration-random-pack-buneary-m-019-022,
,,Piplup,Cosmic Eclipse,239,https://www.tcgplayer.com/product/201350/pokemon-sm-cosmic-eclipse-piplup-secret,
,,Friends in Sinnoh,Crown Zenith,131,https://www.tcgplayer.com/product/478182/pokemon-swsh-crown-zenith-friends-in-sinnoh,
,,Friends in Sinnoh,Crown Zenith,149,https://www.tcgplayer.com/product/478119/pokemon-swsh-crown-zenith-friends-in-sinnoh-full-art,
,Barry,Rival,Diamond & Pearl,113,https://www.tcgplayer.com/product/88764/pokemon-diamond-and-pearl-rival,
,,,Secret Wonders,124,https://www.tcgplayer.com/product/88765/pokemon-secret-wonders-rival,
,,Bidoof,Brilliant Stars,120,https://www.tcgplayer.com/product/263845/pokemon-swsh09-brilliant-stars-bidoof,
,,Friends in Sinnoh,Crown Zenith,131,https://www.tcgplayer.com/product/478182/pokemon-swsh-crown-zenith-friends-in-sinnoh,
,,Friends in Sinnoh,Crown Zenith,149,https://www.tcgplayer.com/product/478119/pokemon-swsh-crown-zenith-friends-in-sinnoh-full-art,
,Professor Rowan,Roseanne's Research,Secret Wonders,125,https://www.tcgplayer.com/product/88815/pokemon-secret-wonders-roseannes-research,
,,,POP Series 8,11,https://www.tcgplayer.com/product/88816/pokemon-pop-series-8-roseannes-research,
,,Staravia,Brilliant Stars,118,https://www.tcgplayer.com/product/263843/pokemon-swsh09-brilliant-stars-staravia,
,Gardenia,Roserade,Lost Origin,TG02,https://www.tcgplayer.com/product/284254/pokemon-swsh11-lost-origin-trainer-gallery-roserade,
,Candice,Froslass,Silver Tempest,43,https://www.tcgplayer.com/product/451683/pokemon-swsh12-silver-tempest-froslass,
,Volkner,Friends in Sinnoh,Crown Zenith,131,https://www.tcgplayer.com/product/478182/pokemon-swsh-crown-zenith-friends-in-sinnoh,
,,Friends in Sinnoh,Crown Zenith,149,https://www.tcgplayer.com/product/478119/pokemon-swsh-crown-zenith-friends-in-sinnoh-full-art,
,Cynthia,Garchomp,Ultra Prism,99,https://www.tcgplayer.com/product/157716/pokemon-sm-ultra-prism-garchomp,
,,,Forbidden Light,62,https://www.tcgplayer.com/product/165714/pokemon-sm-forbidden-light-garchomp,
,,Garchomp V,Astral Radiance,TG23,https://www.tcgplayer.com/product/272495/pokemon-swsh10-astral-radiance-trainer-gallery-garchomp-v,
,,Friends in Sinnoh,Crown Zenith,131,https://www.tcgplayer.com/product/478182/pokemon-swsh-crown-zenith-friends-in-sinnoh,
,,Friends in Sinnoh,Crown Zenith,149,https://www.tcgplayer.com/product/478119/pokemon-swsh-crown-zenith-friends-in-sinnoh-full-art,
,,Cynthia's Roserade,Destined Rivals,184,https://www.tcgplayer.com/product/632984/pokemon-sv10-destined-rivals-cynthias-roserade-184-182,
,,Cynthia's Garchomp ex,Destined Rivals,215,https://www.tcgplayer.com/product/633015/pokemon-sv10-destined-rivals-cynthias-garchomp-ex-215-182,
,,,Destined Rivals,241,https://www.tcgplayer.com/product/633041/pokemon-sv10-destined-rivals-cynthias-garchomp-ex-241-182,
,,Cynthia's Garchomp ex,Destined Rivals,232,https://www.tcgplayer.com/product/633032/pokemon-sv10-destined-rivals-cynthias-garchomp-ex-232-182,
,,Cynthia's Garchomp ex,SVP Promos,204,https://www.tcgplayer.com/product/637613/pokemon-sv-scarlet-and-violet-promo-cards-cynthias-garchomp-ex,
,,Cynthia's Spiritomb,Ascended Heroes,244,https://www.tcgplayer.com/product/676056/pokemon-me-ascended-heroes-cynthias-spiritomb-244-217,
,Johanna,Mom's Kindness,Majestic Dawn,83,https://www.tcgplayer.com/product/87569/pokemon-majestic-dawn-moms-kindness,
,Cyrus,Honchkrow,Ultra Prism,72,https://www.tcgplayer.com/product/157689/pokemon-sm-ultra-prism-honchkrow,
,,Sneasel,Ultra Prism,73,https://www.tcgplayer.com/product/157690/pokemon-sm-ultra-prism-sneasel,
,,Weavile,Cosmic Eclipse,238,https://www.tcgplayer.com/product/201349/pokemon-sm-cosmic-eclipse-weavile-secret,
,Damos,Bronzong M,Movie Commemoration Random Pack,15,https://www.tcgplayer.com/product/613748/pokemon-japan-movie-commemoration-random-pack-bronzong-m-015-022,
,Marcus,Heatran M,Movie Commemoration Random Pack,5,https://www.tcgplayer.com/product/613755/pokemon-japan-movie-commemoration-random-pack-heatran-m-005-022,
UNOVA,Nate,Samurott,Legendary Treasures,39,https://www.tcgplayer.com/product/88911/pokemon-legendary-treasures-samurott,
,Rosa,Serperior V,Silver Tempest,TG13,https://www.tcgplayer.com/product/452029/pokemon-swsh12-silver-tempest-trainer-gallery-serperior-v,
,Cheren,Stoutland,Cosmic Eclipse,248,https://www.tcgplayer.com/product/201359/pokemon-sm-cosmic-eclipse-stoutland-secret,
,,Castform,Lost Origin,TG11,https://www.tcgplayer.com/product/284271/pokemon-swsh11-lost-origin-trainer-gallery-castform,
,Elesa,Flaaffy,Silver Tempest,TG03,https://www.tcgplayer.com/product/452017/pokemon-swsh12-silver-tempest-trainer-gallery-flaaffy,
,Clay,Excadrill,Cosmic Eclipse,246,https://www.tcgplayer.com/product/201357/pokemon-sm-cosmic-eclipse-excadrill-secret,
,Roxie,Koffing,Cosmic Eclipse,243,https://www.tcgplayer.com/product/201354/pokemon-sm-cosmic-eclipse-koffing-secret,
,Shauntal,Chandelure,Lost Origin,TG04,https://www.tcgplayer.com/product/284255/pokemon-swsh11-lost-origin-trainer-gallery-chandelure,
,Grimsley,Houndoom,Brilliant Stars,TG10,https://www.tcgplayer.com/product/264217/pokemon-swsh09-brilliant-stars-trainer-gallery-houndoom,
,Ingo,Irida,Crown Zenith,GG63,https://www.tcgplayer.com/product/478092/pokemon-swsh-crown-zenith-galarian-gallery-irida,
,N,Reshiram & Zekrom-GX,Cosmic Eclipse,157,https://www.tcgplayer.com/product/201205/pokemon-sm-cosmic-eclipse-reshiram-and-zekrom-gx,
,,Reshiram & Zekrom-GX,Cosmic Eclipse,222,https://www.tcgplayer.com/product/201339/pokemon-sm-cosmic-eclipse-reshiram-and-zekrom-gx-full-art,
,,,Cosmic Eclipse,259,https://www.tcgplayer.com/product/201620/pokemon-sm-cosmic-eclipse-reshiram-and-zekrom-gx-secret,
,,Zekrom,Brilliant Stars,TG05,https://www.tcgplayer.com/product/264205/pokemon-swsh09-brilliant-stars-trainer-gallery-zekrom,
,,N's Reshiram,Journey Together,167,https://www.tcgplayer.com/product/624677/pokemon-sv09-journey-together-ns-reshiram-167-159,
,,N's Zoroark ex,Journey Together,175,https://www.tcgplayer.com/product/623602/pokemon-sv09-journey-together-ns-zoroark-ex-175-159,
,,,Journey Together,189,https://www.tcgplayer.com/product/623616/pokemon-sv09-journey-together-ns-zoroark-ex-189-159,
,,N's Zoroark ex,Journey Together,185,https://www.tcgplayer.com/product/623612/pokemon-sv09-journey-together-ns-zoroark-ex-185-159,
,,N's Zorua,SVP Promos,189,https://www.tcgplayer.com/product/625181/pokemon-sv-scarlet-and-violet-promo-cards-ns-zorua-189,
,,N's Zoroark ex,Ascended Heroes,286,https://www.tcgplayer.com/product/676098/pokemon-me-ascended-heroes-ns-zoroark-ex-286-217,
,,N's Zekrom,MEP Promos,31,https://www.tcgplayer.com/product/680480/pokemon-me-mega-evolution-promo-ns-zekrom-031,
,Crispin,Lacey,Stellar Crown,172,https://www.tcgplayer.com/product/567484/pokemon-sv07-stellar-crown-lacey-172-142,
,Amarys,Lacey,Stellar Crown,172,https://www.tcgplayer.com/product/567484/pokemon-sv07-stellar-crown-lacey-172-142,
,Drayton,Lacey,Stellar Crown,172,https://www.tcgplayer.com/product/567484/pokemon-sv07-stellar-crown-lacey-172-142,
,Briar,Kieran,Prismatic Evolutions,174,https://www.tcgplayer.com/product/610529/pokemon-sv-prismatic-evolutions-kieran-174-131,
KALOS,Serena,Braixen,Silver Tempest,TG01,https://www.tcgplayer.com/product/452015/pokemon-swsh12-silver-tempest-trainer-gallery-braixen,
,Valerie,Sylveon V,Brilliant Stars,TG14,https://www.tcgplayer.com/product/264209/pokemon-swsh09-brilliant-stars-trainer-gallery-sylveon-v,
,,Sylveon VMAX,Brilliant Stars,TG15,https://www.tcgplayer.com/product/264208/pokemon-swsh09-brilliant-stars-trainer-gallery-sylveon-vmax,
,Diantha,Gardevoir,Silver Tempest,TG05,https://www.tcgplayer.com/product/452019/pokemon-swsh12-silver-tempest-trainer-gallery-gardevoir,
,Sina,Oranguru,Brilliant Stars,TG12,https://www.tcgplayer.com/product/264219/pokemon-swsh09-brilliant-stars-trainer-gallery-oranguru,
,Kali,Dedenne,Brilliant Stars,TG07,https://www.tcgplayer.com/product/264215/pokemon-swsh09-brilliant-stars-trainer-gallery-dedenne,
,Xerosic,Malamar,Silver Tempest,TG06,https://www.tcgplayer.com/product/452020/pokemon-swsh12-silver-tempest-trainer-gallery-malamar,
,Lysandre,Pyroar,Forbidden Light,19,https://www.tcgplayer.com/product/165666/pokemon-sm-forbidden-light-pyroar,
,Tarragon,Hippowdon,Perfect Order,40,https://www.tcgplayer.com/product/684426/pokemon-me03-perfect-order-hippowdon,
,Canari,Tarragon,Perfect Order,85,https://www.tcgplayer.com/product/684344/pokemon-me03-perfect-order-tarragon-085-088,plush
ALOLA,Selene,Zeraora V,Silver Tempest,TG16,https://www.tcgplayer.com/product/451398/pokemon-swsh12-silver-tempest-trainer-gallery-zeraora-v,
,Hau,Friends in Alola,SM-P Promos,401,https://www.tcgplayer.com/product/598478/pokemon-japan-sm-p-sun-and-moon-promos-friends-in-alola-401-sm-p,
,Lillie,Cosmog,SM-P Promos,81,,
,,Solgaleo & Lunala-GX,Cosmic Eclipse,75,https://www.tcgplayer.com/product/201249/pokemon-sm-cosmic-eclipse-solgaleo-and-lunala-gx,
,,Solgaleo & Lunala-GX,Cosmic Eclipse,216,https://www.tcgplayer.com/product/201250/pokemon-sm-cosmic-eclipse-solgaleo-and-lunala-gx-full-art,
,,,Cosmic Eclipse,254,https://www.tcgplayer.com/product/201614/pokemon-sm-cosmic-eclipse-solgaleo-and-lunala-gx-secret,
,,Clefairy,SM-P Promos,381,https://www.tcgplayer.com/product/598458/pokemon-japan-sm-p-sun-and-moon-promos-clefairy-381-sm-p,
,,Friends in Alola,SM-P Promos,401,https://www.tcgplayer.com/product/598478/pokemon-japan-sm-p-sun-and-moon-promos-friends-in-alola-401-sm-p,
,,Cosmog,Celebrations,13,https://www.tcgplayer.com/product/250311/pokemon-celebrations-cosmog,
,,Cosmoem,Celebrations ,14,https://www.tcgplayer.com/product/250297/pokemon-celebrations-cosmoem,
,,Lunala,Celebrations ,15,https://www.tcgplayer.com/product/250312/pokemon-celebrations-lunala,
,,Solgaleo,Celebrations ,21,https://www.tcgplayer.com/product/250316/pokemon-celebrations-solgaleo,
,,Lillie's Ribombee,Journey Together,164,https://www.tcgplayer.com/product/623591/pokemon-sv09-journey-together-lillies-ribombee-164-159,
,,Lillie's Clefairy ex,Journey Together,173,https://www.tcgplayer.com/product/623600/pokemon-sv09-journey-together-lillies-clefairy-ex-173-159,
,,Lillie's Clefairy ex,Journey Together,184,https://www.tcgplayer.com/product/623611/pokemon-sv09-journey-together-lillies-clefairy-ex-184-159,
,,Lillie's Clefairy ex,SVP Promos,195,https://www.tcgplayer.com/product/628317/pokemon-sv-scarlet-and-violet-promo-cards-lillies-clefairy-ex-195,
,,Lillie's Clefairy ex,Ascended Heroes,280,https://www.tcgplayer.com/product/676092/pokemon-me-ascended-heroes-lillies-clefairy-ex-280-217,
,Professor Kukui,Rockruff,Ash vs Team Rocket,11,https://www.tcgplayer.com/product/598640/pokemon-japan-smd-ash-vs-team-rocket-deck-kit-rockruff,
,,Rockruff,Silver Tempest,TG07,https://www.tcgplayer.com/product/452021/pokemon-swsh12-silver-tempest-trainer-gallery-rockruff,
,Lana,Wishiwashi,Cosmic Eclipse,240,https://www.tcgplayer.com/product/201351/pokemon-sm-cosmic-eclipse-wishiwashi-secret,
,,Friends in Alola,SM-P Promos,401,https://www.tcgplayer.com/product/598478/pokemon-japan-sm-p-sun-and-moon-promos-friends-in-alola-401-sm-p,
,Mallow,Friends in Alola,SM-P Promos,401,https://www.tcgplayer.com/product/598478/pokemon-japan-sm-p-sun-and-moon-promos-friends-in-alola-401-sm-p,
,Acerola,Mimikyu,Cosmic Eclipse,245,https://www.tcgplayer.com/product/201356/pokemon-sm-cosmic-eclipse-mimikyu-secret,
,,Mimikyu V,Brilliant Stars,TG16,https://www.tcgplayer.com/product/264221/pokemon-swsh09-brilliant-stars-trainer-gallery-mimikyu-v,
,,Mimikyu VMAX,Brilliant Stars,TG17,https://www.tcgplayer.com/product/264222/pokemon-swsh09-brilliant-stars-trainer-gallery-mimikyu-vmax,
,Dulse,Ultra Recon Squad,Forbidden Light,114,https://www.tcgplayer.com/product/165775/pokemon-sm-forbidden-light-ultra-recon-squad,
,,Ultra Recon Squad,Forbidden Light,131,https://www.tcgplayer.com/product/165776/pokemon-sm-forbidden-light-ultra-recon-squad-full-art,
,Zossie,Ultra Recon Squad,Forbidden Light,114,https://www.tcgplayer.com/product/165775/pokemon-sm-forbidden-light-ultra-recon-squad,
,,Ultra Recon Squad,Forbidden Light,132,https://www.tcgplayer.com/product/165776/pokemon-sm-forbidden-light-ultra-recon-squad-full-art,
,Gladion,Silvally-GX,Cosmic Eclipse,184,https://www.tcgplayer.com/product/201306/pokemon-sm-cosmic-eclipse-silvally-gx,
,,Silvally-GX,Cosmic Eclipse,227,https://www.tcgplayer.com/product/201307/pokemon-sm-cosmic-eclipse-silvally-gx-full-art,
,,,Cosmic Eclipse,262,https://www.tcgplayer.com/product/201623/pokemon-sm-cosmic-eclipse-silvally-gx-secret,
,,Friends in Alola,SM-P Promos,401,https://www.tcgplayer.com/product/598478/pokemon-japan-sm-p-sun-and-moon-promos-friends-in-alola-401-sm-p,
,Mohn,Lusamine,Ultra Prism,153a,https://www.tcgplayer.com/product/157769/pokemon-sm-ultra-prism-lusamine-full-art,
GALAR,Victor,Friends in Galar,Brilliant Stars,140,https://www.tcgplayer.com/product/263862/pokemon-swsh09-brilliant-stars-friends-in-galar,
,,Galarian Articuno V,Astral Radiance,TG16,https://www.tcgplayer.com/product/272487/pokemon-swsh10-astral-radiance-trainer-gallery-galarian-articuno-v,
,,Shadow Rider Calyrex V,Astral Radiance,TG17,https://www.tcgplayer.com/product/272488/pokemon-swsh10-astral-radiance-trainer-gallery-shadow-rider-calyrex-v,
,,Shadow Rider Calyrex VMAX,Astral Radiance,TG18,https://www.tcgplayer.com/product/272489/pokemon-swsh10-astral-radiance-trainer-gallery-shadow-rider-calyrex-vmax,
,,Friends in Galar,Silver Tempest,TG23,https://www.tcgplayer.com/product/452039/pokemon-swsh12-silver-tempest-trainer-gallery-friends-in-galar,
,Gloria,Friends in Galar,Brilliant Stars,140,https://www.tcgplayer.com/product/263862/pokemon-swsh09-brilliant-stars-friends-in-galar,
,,Single Strike Urshifu V,Brilliant Stars,TG18,https://www.tcgplayer.com/product/264224/pokemon-swsh09-brilliant-stars-trainer-gallery-single-strike-urshifu-v,
,,Single Strike Urshifu VMAX,Brilliant Stars,TG19,https://www.tcgplayer.com/product/264225/pokemon-swsh09-brilliant-stars-trainer-gallery-single-strike-urshifu-vmax,
,,Galarian Moltres V,Astral Radiance,TG20,https://www.tcgplayer.com/product/272492/pokemon-swsh10-astral-radiance-trainer-gallery-galarian-moltres-v,
,,Friends in Galar,Silver Tempest,TG23,https://www.tcgplayer.com/product/452039/pokemon-swsh12-silver-tempest-trainer-gallery-friends-in-galar,
,Hop,Friends in Galar,Brilliant Stars,140,https://www.tcgplayer.com/product/263862/pokemon-swsh09-brilliant-stars-friends-in-galar,
,,Zacian V,Astral Radiance,TG21,https://www.tcgplayer.com/product/272493/pokemon-swsh10-astral-radiance-trainer-gallery-zacian-v,
,,Zamazenta V,Astral Radiance,TG22,https://www.tcgplayer.com/product/272494/pokemon-swsh10-astral-radiance-trainer-gallery-zamazenta-v,
,,Friends in Galar,Silver Tempest,TG23,https://www.tcgplayer.com/product/452039/pokemon-swsh12-silver-tempest-trainer-gallery-friends-in-galar,
,,Leon,Crown Zenith,134,https://www.tcgplayer.com/product/478187/pokemon-swsh-crown-zenith-leon,
,,Hop's Wooloo,Journey Together,170,https://www.tcgplayer.com/product/623597/pokemon-sv09-journey-together-hops-wooloo-170-159,
,,Hop's Zacian ex,Journey Together,176,https://www.tcgplayer.com/product/623603/pokemon-sv09-journey-together-hops-zacian-ex-176-159,
,,Hop's Zacian ex,Journey Together,186,https://www.tcgplayer.com/product/623613/pokemon-sv09-journey-together-hops-zacian-ex-186-159,
,,Hop's Trevenant,Ascended Heroes,237,https://www.tcgplayer.com/product/676049/pokemon-me-ascended-heroes-hops-trevenant-237-217,
,Marnie,Friends in Galar,Brilliant Stars,140,https://www.tcgplayer.com/product/263862/pokemon-swsh09-brilliant-stars-friends-in-galar,
,,Friends in Galar,Silver Tempest,TG23,https://www.tcgplayer.com/product/452039/pokemon-swsh12-silver-tempest-trainer-gallery-friends-in-galar,
,,Marnie's Morpeko,SVP Promos,206,https://www.tcgplayer.com/product/635456/pokemon-sv-scarlet-and-violet-promo-cards-marnies-morpeko,
,,Marnie's Grimmsnarl ex,Ascended Heroes,287,https://www.tcgplayer.com/product/676099/pokemon-me-ascended-heroes-marnies-grimmsnarl-ex,
,,Copycat,Evolving Skies,143,https://www.tcgplayer.com/product/246768/pokemon-swsh07-evolving-skies-copycat,costume
,,Copycat,Evolving Skies,200,https://www.tcgplayer.com/product/246793/pokemon-swsh07-evolving-skies-copycat-full-art,
,,,Evolving Skies,222,https://www.tcgplayer.com/product/246794/pokemon-swsh07-evolving-skies-copycat-secret,
,Bede,Friends in Galar,Brilliant Stars,140,https://www.tcgplayer.com/product/263862/pokemon-swsh09-brilliant-stars-friends-in-galar,
,,Mawile V,Silver Tempest,TG17,https://www.tcgplayer.com/product/450295/pokemon-swsh12-silver-tempest-trainer-gallery-mawile-v,
,,Friends in Galar,Silver Tempest,TG23,https://www.tcgplayer.com/product/452039/pokemon-swsh12-silver-tempest-trainer-gallery-friends-in-galar,
,Milo,Flapple,Astral Radiance,TG02,https://www.tcgplayer.com/product/272473/pokemon-swsh10-astral-radiance-trainer-gallery-flapple,
,Nessa,Drednaw,Vivid Voltage,39,https://www.tcgplayer.com/product/226424/pokemon-swsh04-vivid-voltage-drednaw,
,Kabu,Centiskorch V,Lost Origin,TG14,https://www.tcgplayer.com/product/284275/pokemon-swsh11-lost-origin-trainer-gallery-centiskorch-v,
,,Centiskorch VMAX,Lost Origin,TG15,https://www.tcgplayer.com/product/284276/pokemon-swsh11-lost-origin-trainer-gallery-centiskorch-vmax,
,Bea,Hitmontop,Vivid Voltage,88,https://www.tcgplayer.com/product/226521/pokemon-swsh04-vivid-voltage-hitmontop,
,,Falinks,Astral Radiance,TG07,https://www.tcgplayer.com/product/272478/pokemon-swsh10-astral-radiance-trainer-gallery-falinks,
,Melony,Lapras,Chilling Reign,29,https://www.tcgplayer.com/product/241682/pokemon-swsh06-chilling-reign-lapras,
,,Frosmoth,Astral Radiance,TG04,https://www.tcgplayer.com/product/272475/pokemon-swsh10-astral-radiance-trainer-gallery-frosmoth,
,Piers,Obstagoon,Astral Radiance,TG10,https://www.tcgplayer.com/product/272481/pokemon-swsh10-astral-radiance-trainer-gallery-galarian-obstagoon,
,Raihan,Duraludon V,Evolving Skies,198,https://www.tcgplayer.com/product/246750/pokemon-swsh07-evolving-skies-duraludon-v-alternate-full-art,
,,Duraludon VMAX,Silver Tempest,TG21,https://www.tcgplayer.com/product/452035/pokemon-swsh12-silver-tempest-trainer-gallery-duraludon-vmax,
,Leon,Charizard,Vivid Voltage,25,https://www.tcgplayer.com/product/226395/pokemon-swsh04-vivid-voltage-charizard,
,,Charizard,Lost Origin,TG03,https://www.tcgplayer.com/product/284251/pokemon-swsh11-lost-origin-trainer-gallery-charizard,
,,Copycat,Evolving Skies,143,https://www.tcgplayer.com/product/246768/pokemon-swsh07-evolving-skies-copycat,costume
,,Copycat,Evolving Skies,200,https://www.tcgplayer.com/product/246793/pokemon-swsh07-evolving-skies-copycat-full-art,
,,,Evolving Skies,222,https://www.tcgplayer.com/product/246794/pokemon-swsh07-evolving-skies-copycat-secret,
,Sonia,Boltund V,Brilliant Stars,TG13,https://www.tcgplayer.com/product/264202/pokemon-swsh09-brilliant-stars-trainer-gallery-boltund-v,
,,Galarian Zapdos V,Astral Radiance,TG19,https://www.tcgplayer.com/product/272491/pokemon-swsh10-astral-radiance-trainer-gallery-galarian-zapdos-v,
,Mustard,Rapid Strike Urshifu V,Brilliant Stars,TG20,https://www.tcgplayer.com/product/264226/pokemon-swsh09-brilliant-stars-trainer-gallery-rapid-strike-urshifu-v,
,,Rapid Strike Urshifu VMAX,Brilliant Stars,TG21,https://www.tcgplayer.com/product/264227/pokemon-swsh09-brilliant-stars-trainer-gallery-rapid-strike-urshifu-vmax,
,Peony,Ice Rider Calyrex V,Astral Radiance,TG14,https://www.tcgplayer.com/product/272485/pokemon-swsh10-astral-radiance-trainer-gallery-ice-rider-calyrex-v,
,,Ice Rider Calyrex VMAX,Astral Radiance,TG15,https://www.tcgplayer.com/product/272486/pokemon-swsh10-astral-radiance-trainer-gallery-ice-rider-calyrex-vmax,
,Rose,Eternatus V,Lost Origin,TG21,https://www.tcgplayer.com/product/284294/pokemon-swsh11-lost-origin-trainer-gallery-eternatus-v,
,,Eternatus VMAX,Lost Origin,TG22,https://www.tcgplayer.com/product/284295/pokemon-swsh11-lost-origin-trainer-gallery-eternatus-vmax,
,,Copycat,Evolving Skies,143,https://www.tcgplayer.com/product/246768/pokemon-swsh07-evolving-skies-copycat,costume
,,Copycat,Evolving Skies,200,https://www.tcgplayer.com/product/246793/pokemon-swsh07-evolving-skies-copycat-full-art,
,,,Evolving Skies,222,https://www.tcgplayer.com/product/246794/pokemon-swsh07-evolving-skies-copycat-secret,
,Hironobu Yoshida,Alcremie,Brilliant Stars,71,https://www.tcgplayer.com/product/263787/pokemon-swsh09-brilliant-stars-alcremie,Yoshida's Coffee logo
,,Bea,Crown Zenith,123,https://www.tcgplayer.com/product/478163/pokemon-swsh-crown-zenith-bea,
HISUI,Rei,Hippopotas,Astral Radiance,79,https://www.tcgplayer.com/product/272280/pokemon-swsh10-astral-radiance-hippopotas,
,,Hisuian Arcanine,Lost Origin,TG08,https://www.tcgplayer.com/product/284268/pokemon-swsh11-lost-origin-trainer-gallery-hisuian-arcanine,
,,Friends in Hisui,Crown Zenith,130,https://www.tcgplayer.com/product/478181/pokemon-swsh-crown-zenith-friends-in-hisui,
,,Friends in Hisui,Crown Zenith,148,https://www.tcgplayer.com/product/478118/pokemon-swsh-crown-zenith-friends-in-hisui-full-art,
,Akari,Scyther,Astral Radiance,5,https://www.tcgplayer.com/product/272205/pokemon-swsh10-astral-radiance-scyther-005,
,,Pikachu,Lost Origin,TG05,https://www.tcgplayer.com/product/284258/pokemon-swsh11-lost-origin-trainer-gallery-pikachu,
,,Friends in Hisui,Crown Zenith,130,https://www.tcgplayer.com/product/478181/pokemon-swsh-crown-zenith-friends-in-hisui,
,,Friends in Hisui,Crown Zenith,148,https://www.tcgplayer.com/product/478118/pokemon-swsh-crown-zenith-friends-in-hisui-full-art,
,Adaman,Friends in Hisui,Crown Zenith,130,https://www.tcgplayer.com/product/478181/pokemon-swsh-crown-zenith-friends-in-hisui,
,,Friends in Hisui,Crown Zenith,148,https://www.tcgplayer.com/product/478118/pokemon-swsh-crown-zenith-friends-in-hisui-full-art,
,Irida,Friends in Hisui,Crown Zenith,130,https://www.tcgplayer.com/product/478181/pokemon-swsh-crown-zenith-friends-in-hisui,
,,Friends in Hisui,Crown Zenith,148,https://www.tcgplayer.com/product/478118/pokemon-swsh-crown-zenith-friends-in-hisui-full-art,
,Mai,Wyrdeer,Astral Radiance,TG06,https://www.tcgplayer.com/product/272477/pokemon-swsh10-astral-radiance-trainer-gallery-wyrdeer,
,,Adaman,Crown Zenith,GG57,https://www.tcgplayer.com/product/478085/pokemon-swsh-crown-zenith-galarian-gallery-adaman,
,Lian,Kleavor,Astral Radiance,TG08,https://www.tcgplayer.com/product/272479/pokemon-swsh10-astral-radiance-trainer-gallery-kleavor,
,,Irida,Crown Zenith,GG63,https://www.tcgplayer.com/product/478092/pokemon-swsh-crown-zenith-galarian-gallery-irida,
,Arezu,Adaman,Crown Zenith,GG57,https://www.tcgplayer.com/product/478085/pokemon-swsh-crown-zenith-galarian-gallery-adaman,
,Calaba,Irida,Crown Zenith,GG63,https://www.tcgplayer.com/product/478092/pokemon-swsh-crown-zenith-galarian-gallery-irida,
,Iscan,Adaman,Crown Zenith,GG57,https://www.tcgplayer.com/product/478085/pokemon-swsh-crown-zenith-galarian-gallery-adaman,
,Palina,Irida,Crown Zenith,GG63,https://www.tcgplayer.com/product/478092/pokemon-swsh-crown-zenith-galarian-gallery-irida,
,Melli,Adaman,Crown Zenith,GG57,https://www.tcgplayer.com/product/478085/pokemon-swsh-crown-zenith-galarian-gallery-adaman,
,Sabi,Adaman,Crown Zenith,GG57,https://www.tcgplayer.com/product/478085/pokemon-swsh-crown-zenith-galarian-gallery-adaman,
,Gaeric,Irida,Crown Zenith,GG63,https://www.tcgplayer.com/product/478092/pokemon-swsh-crown-zenith-galarian-gallery-irida,
,Beni,Gallade V,Lost Origin,TG19,https://www.tcgplayer.com/product/284286/pokemon-swsh11-lost-origin-trainer-gallery-gallade-v,
,Kamado,Snorlax,Lost Origin,TG10,https://www.tcgplayer.com/product/284270/pokemon-swsh11-lost-origin-trainer-gallery-snorlax,
,Cogita,Enamorus V,Lost Origin,TG18,https://www.tcgplayer.com/product/284284/pokemon-swsh11-lost-origin-trainer-gallery-enamorus-v,
,Vessa,Spiritomb,Lost Origin,TG09,https://www.tcgplayer.com/product/284269/pokemon-swsh11-lost-origin-trainer-gallery-spiritomb,
,Mani,Parasect,Lost Origin,TG01,https://www.tcgplayer.com/product/284253/pokemon-swsh11-lost-origin-trainer-gallery-parasect,
,Clover,Gengar,Lost Origin,TG06,https://www.tcgplayer.com/product/284266/pokemon-swsh11-lost-origin-trainer-gallery-gengar,
,,Miss Fortune Sisters,Lost Origin,164,https://www.tcgplayer.com/product/284096/pokemon-swsh11-lost-origin-miss-fortune-sisters,
,,Miss Fortune Sisters,Lost Origin,194,https://www.tcgplayer.com/product/284147/pokemon-swsh11-lost-origin-miss-fortune-sisters-full-art,
,,,Lost Origin,209,https://www.tcgplayer.com/product/284164/pokemon-swsh11-lost-origin-miss-fortune-sisters-secret,
,Coin,Gengar,Lost Origin,TG06,https://www.tcgplayer.com/product/284266/pokemon-swsh11-lost-origin-trainer-gallery-gengar,
,,Miss Fortune Sisters,Lost Origin,164,https://www.tcgplayer.com/product/284096/pokemon-swsh11-lost-origin-miss-fortune-sisters,
,,Miss Fortune Sisters,Lost Origin,194,https://www.tcgplayer.com/product/284147/pokemon-swsh11-lost-origin-miss-fortune-sisters-full-art,
,,,Lost Origin,209,https://www.tcgplayer.com/product/284164/pokemon-swsh11-lost-origin-miss-fortune-sisters-secret,
,Charm,Gengar,Lost Origin,TG06,https://www.tcgplayer.com/product/284266/pokemon-swsh11-lost-origin-trainer-gallery-gengar,
,,Miss Fortune Sisters,Lost Origin,164,https://www.tcgplayer.com/product/284096/pokemon-swsh11-lost-origin-miss-fortune-sisters,
,,Miss Fortune Sisters,Lost Origin,194,https://www.tcgplayer.com/product/284147/pokemon-swsh11-lost-origin-miss-fortune-sisters-full-art,
,,,Lost Origin,209,https://www.tcgplayer.com/product/284164/pokemon-swsh11-lost-origin-miss-fortune-sisters-secret,
PALDEA / KITAKAMI,Florian,Friends in Paldea,Prismatic Evolutions,109,https://www.tcgplayer.com/product/610464/pokemon-sv-prismatic-evolutions-friends-in-paldea-109-131,
,,Friends in Paldea,Prismatic Evolutions,137,https://www.tcgplayer.com/product/610492/pokemon-sv-prismatic-evolutions-friends-in-paldea-137-131,
,Juliana,Arven,Paldean Fates,235,https://www.tcgplayer.com/product/535095/pokemon-sv-paldean-fates-arven,
,,Friends in Paldea,Prismatic Evolutions,109,https://www.tcgplayer.com/product/610464/pokemon-sv-prismatic-evolutions-friends-in-paldea-109-131,
,,Friends in Paldea,Prismatic Evolutions,137,https://www.tcgplayer.com/product/610492/pokemon-sv-prismatic-evolutions-friends-in-paldea-137-131,
,Nemona,Friends in Paldea,Prismatic Evolutions,109,https://www.tcgplayer.com/product/610464/pokemon-sv-prismatic-evolutions-friends-in-paldea-109-131,
,,Friends in Paldea,Prismatic Evolutions,137,https://www.tcgplayer.com/product/610492/pokemon-sv-prismatic-evolutions-friends-in-paldea-137-131,
,Arven,Mabosstiff,Scarlet & Violet,218,https://www.tcgplayer.com/product/490076/pokemon-sv01-scarlet-and-violet-base-set-mabosstiff-218-198,
,,Friends in Paldea,Prismatic Evolutions,109,https://www.tcgplayer.com/product/610464/pokemon-sv-prismatic-evolutions-friends-in-paldea-109-131,
,,Friends in Paldea,Prismatic Evolutions,137,https://www.tcgplayer.com/product/610492/pokemon-sv-prismatic-evolutions-friends-in-paldea-137-131,
,,Arven's Greedent,Destined Rivals,205,https://www.tcgplayer.com/product/633005/pokemon-sv10-destined-rivals-arvens-greedent-205-182,
,,Arven's Mabosstiff ex,Destined Rivals,218,https://www.tcgplayer.com/product/633018/pokemon-sv10-destined-rivals-arvens-mabosstiff-ex-218-182,
,,Arven's Mabosstiff ex,Destined Rivals,235,https://www.tcgplayer.com/product/633035/pokemon-sv10-destined-rivals-arvens-mabosstiff-ex-235-182,
,Penny,Clive,Paldean Fates,236,https://www.tcgplayer.com/product/535098/pokemon-sv-paldean-fates-clive-236-091,
,,Friends in Paldea,Prismatic Evolutions,109,https://www.tcgplayer.com/product/610464/pokemon-sv-prismatic-evolutions-friends-in-paldea-109-131,
,,Friends in Paldea,Prismatic Evolutions,137,https://www.tcgplayer.com/product/610492/pokemon-sv-prismatic-evolutions-friends-in-paldea-137-131,
,Carmine,Kieran,Prismatic Evolutions,174,https://www.tcgplayer.com/product/610529/pokemon-sv-prismatic-evolutions-kieran-174-131,
,Kieran,Carmine,Sparkling Fable,255,,this card was only released in Simplified Chinese
,Iono,Iono's Kilowattrel,Journey Together,163,https://www.tcgplayer.com/product/623590/pokemon-sv09-journey-together-ionos-kilowattrel-163-159,
,,Iono's Bellibolt ex,Journey Together,172,https://www.tcgplayer.com/product/623599/pokemon-sv09-journey-together-ionos-bellibolt-ex-172-159,
,,,Journey Together,188,https://www.tcgplayer.com/product/623615/pokemon-sv09-journey-together-ionos-bellibolt-ex-188-159,
,,Iono's Bellibolt ex,Journey Together,183,https://www.tcgplayer.com/product/623610/pokemon-sv09-journey-together-ionos-bellibolt-ex-183-159,
,,Iono's Bellibolt ex,SVP Promos,194,https://www.tcgplayer.com/product/628320/pokemon-sv-scarlet-and-violet-promo-cards-ionos-bellibolt-ex-194,
,,Iono's Wattrel,Ascended Heroes,231,https://www.tcgplayer.com/product/676043/pokemon-me-ascended-heroes-ionos-wattrel-231-217,
,,Iono's Bellibolt ex,Ascended Heroes,279,https://www.tcgplayer.com/product/676091/pokemon-me-ascended-heroes-ionos-bellibolt-ex-279-217,
,Kofu,Veluza,Stellar Crown,45,https://www.tcgplayer.com/product/567271/pokemon-sv07-stellar-crown-veluza,
,Larry,Larry's Staraptor,Ascended Heroes,249,https://www.tcgplayer.com/product/676061/pokemon-me-ascended-heroes-larrys-staraptor-249-217,
,Tulip,Espathra,Paradox Rift,81,https://www.tcgplayer.com/product/523747/pokemon-sv04-paradox-rift-espathra-081-182,
,Dendra,Tulip,Paradox Rift,259,https://www.tcgplayer.com/product/523940/pokemon-sv04-paradox-rift-tulip-259-182,
,Perrin,Hisuian Growlithe,Twilight Masquerade,181,https://www.tcgplayer.com/product/550225/pokemon-sv06-twilight-masquerade-hisuian-growlithe-181-167,only partially visible
,Giacomo,Clive,Paldean Fates,236,https://www.tcgplayer.com/product/535098/pokemon-sv-paldean-fates-clive-236-091,
,Mela,Clive,Paldean Fates,236,https://www.tcgplayer.com/product/535098/pokemon-sv-paldean-fates-clive-236-091,
,Atticus,Clive,Paldean Fates,236,https://www.tcgplayer.com/product/535098/pokemon-sv-paldean-fates-clive-236-091,
,Youssef,Clive,Paldean Fates,236,https://www.tcgplayer.com/product/535098/pokemon-sv-paldean-fates-clive-236-091,
,Ortega,Clive,Paldean Fates,236,https://www.tcgplayer.com/product/535098/pokemon-sv-paldean-fates-clive-236-091,
,Carmen,Clive,Paldean Fates,236,https://www.tcgplayer.com/product/535098/pokemon-sv-paldean-fates-clive-236-091,
,Eri,Clive,Paldean Fates,236,https://www.tcgplayer.com/product/535098/pokemon-sv-paldean-fates-clive-236-091,
,Liko,Sprigatito,SVP Promos,191,https://www.tcgplayer.com/product/595036/pokemon-sv-scarlet-and-violet-promo-cards-sprigatito-191,
,,Terapagos & Friends,SVP Promos,-,https://www.tcgplayer.com/product/595035/pokemon-jumbo-cards-terapagos-and-friends,Jumbo
,,Sprigatito,Gem Pack Vol. 1,01 09,,this card was only released in Simplified Chinese
,,Floragato,Gem Pack Vol. 5,22 07,,this card was only released in Simplified Chinese
,Roy,Fuecoco,SVP Promos,192,https://www.tcgplayer.com/product/595038/pokemon-sv-scarlet-and-violet-promo-cards-fuecoco-192,
,,Terapagos & Friends,SVP Promos,-,https://www.tcgplayer.com/product/595035/pokemon-jumbo-cards-terapagos-and-friends,Jumbo
,,Fuecoco,Gem Pack Vol. 1,03 09,,this card was only released in Simplified Chinese
,,Crocalor,Gem Pack Vol. 5,23 07,,this card was only released in Simplified Chinese
,Dot,Terapagos & Friends,SVP Promos,-,https://www.tcgplayer.com/product/595035/pokemon-jumbo-cards-terapagos-and-friends,Jumbo
,,Quaxly,Gem Pack Vol. 1,05 09,,this card was only released in Simplified Chinese
,,Quaxwell,Gem Pack Vol. 5,24 07,,this card was only released in Simplified Chinese
,Friede,Terapagos & Friends,SVP Promos,-,https://www.tcgplayer.com/product/595035/pokemon-jumbo-cards-terapagos-and-friends,Jumbo
,,Captain Pikachu,Gem Pack Vol. 1,07 01,,
,,Captain Pikachu,Gem Pack Vol. 1,07 09,,
,,Captain Pikachu,Gem Pack Vol. 5,01 07,,
GENERIC TRAINER CLASSES,Ace Trainer,Druddigon,Silver Tempest,TG09,https://www.tcgplayer.com/product/452023/pokemon-swsh12-silver-tempest-trainer-gallery-druddigon,
,Aether Foundation Employee,Registeel,Crimson Invasion,68,https://www.tcgplayer.com/product/149092/pokemon-sm-crimson-invasion-registeel,
,,Jigglypuff,Crimson Invasion,71,https://www.tcgplayer.com/product/149097/pokemon-sm-crimson-invasion-jigglypuff,
,,Registeel,SM Promos,75,https://www.tcgplayer.com/product/151704/pokemon-sm-promos-registeel-sm75-prerelease,
,Artist,Smeargle,Silver Tempest,TG10,https://www.tcgplayer.com/product/452025/pokemon-swsh12-silver-tempest-trainer-gallery-smeargle,
,Black Belt,Passimian,Silver Tempest,TG08,https://www.tcgplayer.com/product/452022/pokemon-swsh12-silver-tempest-trainer-gallery-passimian,
,Bug Catcher,Kricketune V,Silver Tempest,TG12,https://www.tcgplayer.com/product/452028/pokemon-swsh12-silver-tempest-trainer-gallery-kricketune-v,
,Cabbie,Corviknight,Darkness Ablaze,156,https://www.tcgplayer.com/product/219371/pokemon-swsh03-darkness-ablaze-corviknight,
,,Corviknight V,Silver Tempest,TG18,https://www.tcgplayer.com/product/452032/pokemon-swsh12-silver-tempest-trainer-gallery-corviknight-v,
,,Corviknight VMAX,Silver Tempest,TG19,https://www.tcgplayer.com/product/452033/pokemon-swsh12-silver-tempest-trainer-gallery-corviknight-vmax,
,Café Master,Alcremie,Brilliant Stars,71,https://www.tcgplayer.com/product/263787/pokemon-swsh09-brilliant-stars-alcremie,
,,Alcremie,Brilliant Stars,TG08,https://www.tcgplayer.com/product/264216/pokemon-swsh09-brilliant-stars-trainer-gallery-alcremie,
,Diamond Clan Member,Magnemite,Astral Radiance,105,https://www.tcgplayer.com/product/272306/pokemon-swsh10-astral-radiance-magnemite,
,Doctor,Gardevoir,Astral Radiance,TG05,https://www.tcgplayer.com/product/272476/pokemon-swsh10-astral-radiance-trainer-gallery-gardevoir,
,Fisher,Shining Gyarados,Neo Revelation ,65,https://www.tcgplayer.com/product/89164/pokemon-neo-revelation-shining-gyarados,
,,Gyarados,Ancient Origins ,21,https://www.tcgplayer.com/product/101442/pokemon-xy-ancient-origins-gyarados-21,
,,Gyarados ,XY Promos,60,https://www.tcgplayer.com/product/102802/pokemon-xy-promos-gyarados-xy60-prerelease,
,,Octillery,Brilliant Stars,TG03,https://www.tcgplayer.com/product/264212/pokemon-swsh09-brilliant-stars-trainer-gallery-octillery,
,,Lugia V,Silver Tempest ,186,https://www.tcgplayer.com/product/451834/pokemon-swsh12-silver-tempest-lugia-v-alternate-full-art,
,,Basculin,Fusion Strike,70,https://www.tcgplayer.com/product/253215/pokemon-swsh08-fusion-strike-basculin,hat
,Ginkgo Guild Member,Yanma,Astral Radiance,6,https://www.tcgplayer.com/product/272206/pokemon-swsh10-astral-radiance-yanma,
,Kitakami Ogre Clan,Kieran,Twilight Masquerade,218,https://www.tcgplayer.com/product/550262/pokemon-sv06-twilight-masquerade-kieran-218-167,
,Pearl Clan Member,Bergmite,Astral Radiance,47,https://www.tcgplayer.com/product/272247/pokemon-swsh10-astral-radiance-bergmite,
,Poké Fan,Pokémon Fan Club,Flashfire,94,https://www.tcgplayer.com/product/91231/pokemon-xy-flashfire-pokemon-fan-club,
,,,Generations,69,https://www.tcgplayer.com/product/113727/pokemon-generations-pokemon-fan-club,
,,,Fates Collide,107,https://www.tcgplayer.com/product/117879/pokemon-xy-fates-collide-pokemon-fan-club,
,,Pokémon Fan Club,Flashfire,106,https://www.tcgplayer.com/product/91244/pokemon-xy-flashfire-pokemon-fan-club-106-full-art,
,,Pokémon Fan Club,Ultra Prism,133,https://www.tcgplayer.com/product/157749/pokemon-sm-ultra-prism-pokemon-fan-club,
,,,TCG Classic: Venusaur Deck,22,https://www.tcgplayer.com/product/591969/pokemon-japan-pokemon-tcg-classic-venusaur-pokemon-fan-club-clf,
,,,TCG Classic: Charizard Deck,22,https://www.tcgplayer.com/product/591936/pokemon-japan-pokemon-tcg-classic-charizard-pokemon-fan-club-cll,
,,,TCG Classic: Blastoise Deck,24,https://www.tcgplayer.com/product/528019/pokemon-trading-card-game-classic-pokemon-fan-club-clb,
,,Pokémon Fan Club,Ultra Prism,155,https://www.tcgplayer.com/product/157771/pokemon-sm-ultra-prism-pokemon-fan-club-full-art,
,Poké Kid,Copycat,Expedition,138,https://www.tcgplayer.com/product/84423/pokemon-expedition-copycat,costume
,,,Team Rocket Returns,83,https://www.tcgplayer.com/product/84424/pokemon-team-rocket-returns-copycat,
,,,Dragon Frontiers,73,https://www.tcgplayer.com/product/84425/pokemon-dragon-frontiers-copycat,
,,,Celestial Storm,127,https://www.tcgplayer.com/product/170988/pokemon-sm-celestial-storm-copycat,
,,Copycat,Celestial Storm,163,https://www.tcgplayer.com/product/171015/pokemon-sm-celestial-storm-copycat-full-art,
,Pokémon Center Lady,Pokémon Nurse,Expedition,145,https://www.tcgplayer.com/product/88229/pokemon-expedition-pokemon-nurse,
,,,TCG Classic: Venusaur Deck,23,https://www.tcgplayer.com/product/591970/pokemon-japan-pokemon-tcg-classic-venusaur-pokemon-nurse,
,,Blissey V,Silver Tempest,TG22,https://www.tcgplayer.com/product/452037/pokemon-swsh12-silver-tempest-trainer-gallery-blissey-v,
,Pokémon GO Trainer,Natu,Pokémon GO,32,https://www.tcgplayer.com/product/276966/pokemon-pokemon-go-natu,
,Preschooler,Acerola,Burning Shadows,112a,https://www.tcgplayer.com/product/138608/pokemon-sm-burning-shadows-acerola,
,Psychic,Seer,Aquapolis,133,https://www.tcgplayer.com/product/89056/pokemon-aquapolis-seer,
,Sage,Hoothoot,Astral Radiance,TG12,https://www.tcgplayer.com/product/272483/pokemon-swsh10-astral-radiance-trainer-gallery-hoothoot,
,Scientist,Fossil Researcher,Furious Fists,92,https://www.tcgplayer.com/product/92273/pokemon-xy-furious-fists-fossil-researcher,
,,Fossil Researcher,Furious Fists,110,https://www.tcgplayer.com/product/92274/pokemon-xy-furious-fists-fossil-researcher-110-full-art,
,Team Aqua Grunt,Team Aqua Schemer,Team Magma vs Team Aqua,69,https://www.tcgplayer.com/product/89772/pokemon-team-magma-vs-team-aqua-team-aqua-schemer,
,,Team Aqua Conspirator,Team Magma vs Team Aqua,77,https://www.tcgplayer.com/product/89770/pokemon-team-magma-vs-team-aqua-team-aqua-conspirator,
,,Team Aqua's Spheal,Double Crisis,3,https://www.tcgplayer.com/product/97049/pokemon-double-crisis-team-aquas-spheal,
,,Team Aqua's Sealeo,Double Crisis,4,https://www.tcgplayer.com/product/97050/pokemon-double-crisis-team-aquas-sealeo,
,,Team Aqua's Walrein,Double Crisis,5,https://www.tcgplayer.com/product/97051/pokemon-double-crisis-team-aquas-walrein,
,,Team Aqua's Grimer,Double Crisis,7,https://www.tcgplayer.com/product/97053/pokemon-double-crisis-team-aquas-grimer,
,,Team Aqua's Seviper,Double Crisis,9,https://www.tcgplayer.com/product/97055/pokemon-double-crisis-team-aquas-seviper,
,,Team Magma's Baltoy,Double Crisis,10,https://www.tcgplayer.com/product/97056/pokemon-double-crisis-team-magmas-baltoy,
,,Team Magma's Aron,Double Crisis,12,https://www.tcgplayer.com/product/97058/pokemon-double-crisis-team-magmas-aron,
,,Team Magma's Aggron,Double Crisis,14,https://www.tcgplayer.com/product/97060/pokemon-double-crisis-team-magmas-aggron,
,,Team Magma's Poochyena,Double Crisis,17,https://www.tcgplayer.com/product/97062/pokemon-double-crisis-team-magmas-poochyena,
,,Team Aqua's Mightyena,Double Crisis,18,https://www.tcgplayer.com/product/97064/pokemon-double-crisis-team-aquas-mightyena,
,Team Galactic Grunt,Team Galactic's Wager,Mysterious Treasures,115,https://www.tcgplayer.com/product/89811/pokemon-mysterious-treasures-team-galactics-wager,
,,Honchkrow,Ultra Prism,72,https://www.tcgplayer.com/product/157689/pokemon-sm-ultra-prism-honchkrow,
,Team Magma Grunt,Team Magma Schemer,Team Magma vs Team Aqua,70,https://www.tcgplayer.com/product/89816/pokemon-team-magma-vs-team-aqua-team-magma-schemer,
,,Team Magma Conspirator,Team Magma vs Team Aqua,82,https://www.tcgplayer.com/product/89814/pokemon-team-magma-vs-team-aqua-team-magma-conspirator,
,,Team Magma's Camerupt,Double Crisis,2,https://www.tcgplayer.com/product/97048/pokemon-double-crisis-team-magmas-camerupt,
,,Team Aqua's Grimer,Double Crisis,7,https://www.tcgplayer.com/product/97053/pokemon-double-crisis-team-aquas-grimer,
,,Team Aqua's Muk,Double Crisis,8,https://www.tcgplayer.com/product/97054/pokemon-double-crisis-team-aquas-muk,
,,Team Magma's Claydol,Double Crisis,11,https://www.tcgplayer.com/product/97057/pokemon-double-crisis-team-magmas-claydol,
,,Team Magma's Aron,Double Crisis,12,https://www.tcgplayer.com/product/97058/pokemon-double-crisis-team-magmas-aron,
,,Team Magma's Aggron,Double Crisis,14,https://www.tcgplayer.com/product/97060/pokemon-double-crisis-team-magmas-aggron,
,,Team Magma's Poochyena,Double Crisis,17,https://www.tcgplayer.com/product/97062/pokemon-double-crisis-team-magmas-poochyena,
,,Team Magma's Mightyena,Double Crisis,19,https://www.tcgplayer.com/product/97065/pokemon-double-crisis-team-magmas-mightyena,
,,Team Aqua's Sharpedo,Double Crisis,21,https://www.tcgplayer.com/product/97067/pokemon-double-crisis-team-aquas-sharpedo,
,,Team Magma's Zangoose,Double Crisis,22,https://www.tcgplayer.com/product/97068/pokemon-double-crisis-team-magmas-zangoose,
,Team Rocket Grunt,Dark Slowbro,Team Rocket,12,https://www.tcgplayer.com/product/84654/pokemon-team-rocket-dark-slowbro-12,
,,,Team Rocket,29,https://www.tcgplayer.com/product/84655/pokemon-team-rocket-dark-slowbro-29,
,,,Legendary Collection,8,https://www.tcgplayer.com/product/84653/pokemon-legendary-collection-dark-slowbro,
,,Rocket's Sneak Attack,Team Rocket,16,https://www.tcgplayer.com/product/88791/pokemon-team-rocket-rockets-sneak-attack-16,
,,,Team Rocket,71,https://www.tcgplayer.com/product/88792/pokemon-team-rocket-rockets-sneak-attack-72,
,,The Rocket's Trap,Gym Heroes,19,https://www.tcgplayer.com/product/89897/pokemon-gym-heroes-the-rockets-trap,
,,The Rocket's Training Gym,Gym Heroes,104,https://www.tcgplayer.com/product/89896/pokemon-gym-heroes-the-rockets-training-gym,
,,Minion of Team Rocket,Gym Heroes,113,https://www.tcgplayer.com/product/87480/pokemon-gym-heroes-minion-of-team-rocket,
,,Team Rocket's Evil Deeds,Neo Destiny,103,https://www.tcgplayer.com/product/89850/pokemon-neo-destiny-team-rockets-evil-deeds,
,,Rocket's TM 01,VS,127,,
,,Rocket's Mission,Team Rocket Returns,88,https://www.tcgplayer.com/product/88780/pokemon-team-rocket-returns-rockets-mission,
,,Team Rocket's Handiwork,Fates Collide,112,https://www.tcgplayer.com/product/117883/pokemon-xy-fates-collide-team-rockets-handiwork,
,,Team Rocket's Handiwork,Fates Collide,124,https://www.tcgplayer.com/product/117884/pokemon-xy-fates-collide-team-rockets-handiwork-full-art,
,,Koffing,Unbroken Bonds,73,https://www.tcgplayer.com/product/189173/pokemon-sm-unbroken-bonds-koffing,
,,Marowak,Unbroken Bonds,91,https://www.tcgplayer.com/product/189190/pokemon-sm-unbroken-bonds-marowak,
,,Team Rocket's Orbeetle,Destined Rivals,198,https://www.tcgplayer.com/product/632998/pokemon-sv10-destined-rivals-team-rockets-orbeetle-198-182,
,,Team Rocket's Raticate,Destined Rivals,202,https://www.tcgplayer.com/product/633002/pokemon-sv10-destined-rivals-team-rockets-raticate-202-182,
,,Team Rocket's Crobat ex,Destined Rivals,217,https://www.tcgplayer.com/product/633017/pokemon-sv10-destined-rivals-team-rockets-crobat-ex-217-182,
,,,Destined Rivals,242,https://www.tcgplayer.com/product/633042/pokemon-sv10-destined-rivals-team-rockets-crobat-ex-242-182,
,,Team Rocket's Crobat ex,Destined Rivals,234,https://www.tcgplayer.com/product/633034/pokemon-sv10-destined-rivals-team-rockets-crobat-ex-234-182,
,,Team Rocket's Wobbuffet,SVP Promos,203,https://www.tcgplayer.com/product/635467/pokemon-sv-scarlet-and-violet-promo-cards-team-rockets-wobbuffet,
,,Team Rocket's Dugtrio,Ascended Heroes,239,https://www.tcgplayer.com/product/676051/pokemon-me-ascended-heroes-team-rockets-dugtrio-239-217,
,,Dark Magneton,Team Rocket,11,https://www.tcgplayer.com/product/84624/pokemon-team-rocket-dark-magneton-11,shadow
,,,Team Rocket,28,https://www.tcgplayer.com/product/84625/pokemon-team-rocket-dark-magneton-28,
,,Copycat,Expedition,138,https://www.tcgplayer.com/product/84423/pokemon-expedition-copycat,costume
,,,Team Rocket Returns,83,https://www.tcgplayer.com/product/84424/pokemon-team-rocket-returns-copycat,
,,,Dragon Frontiers,73,https://www.tcgplayer.com/product/84425/pokemon-dragon-frontiers-copycat,
,,,Celestial Storm,127,https://www.tcgplayer.com/product/170988/pokemon-sm-celestial-storm-copycat,
,,Copycat,HeartGold & SoulSilver,90,https://www.tcgplayer.com/product/84426/pokemon-heartgold-soulsilver-copycat,
,,,Call of Legends,77,https://www.tcgplayer.com/product/84428/pokemon-call-of-legends-copycat,
,,Copycat,Celestial Storm,163,https://www.tcgplayer.com/product/171015/pokemon-sm-celestial-storm-copycat-full-art,
,Team Skull Grunt,Heracross,Burning Shadows,11,https://www.tcgplayer.com/product/138281/pokemon-sm-burning-shadows-heracross,
,,Rhydon,Burning Shadows,66,https://www.tcgplayer.com/product/138552/pokemon-sm-burning-shadows-rhydon,
,Team Yell Grunt,Team Yell's Cheer,Brilliant Stars,149,https://www.tcgplayer.com/product/263869/pokemon-swsh09-brilliant-stars-team-yells-cheer,
,Veteran,Minccino,Legendary Treasures,104,https://www.tcgplayer.com/product/87478/pokemon-legendary-treasures-minccino,