csv_row,ndex,cameo,card,set,num,notes
109,13,Weedle,Scoop Up,Next Quest,4,
111,13,Weedle,Koko,Koko Illustration Contest,Parent-Child,Jumbo
118,14,Kakuna,Pikachu,XY-P Promos,-,
121,15,Beedrill,Mew,XY-P Promos,-,
133,16,Pidgey,Pikachu,Collection 151,170,this card was only released in Simplified Chinese
153,23,Ekans,Pikachu,Collection 151,172,this card was only released in Simplified Chinese
158,25,Pikachu,No.1 Trainer,Official Tournament Promo,-,
159,25,Pikachu,No.2 Trainer,Official Tournament Promo,-,
160,25,Pikachu,No.3 Trainer,Official Tournament Promo,-,
161,25,Pikachu,Pokémon Illustrator,Miscellaneous Promos,-,
166,25,Pikachu,Machop,Expansion Sheet 2,-,
168,25,Pikachu,No.1 Trainer,Battle Road Promo,-,"has prints in Neo and e-Card layouts, with both girl and boy trainers"
169,25,Pikachu,No.2 Trainer,Battle Road Promo,-,
170,25,Pikachu,No.3 Trainer,Battle Road Promo,-,
171,25,Pikachu,Lucky Stadium,Hokkaidō World Challenge Promo,-,
178,25,Pikachu,Victory Medal,Battle Road Autumn Promo,-,
183,25,Pikachu,No.4 Trainer,World Championship Promo,-,regular print in BW layout
188,25,Pikachu,Arceus,2009 Card Design Contest,3rd Grade,
196,25,Pikachu,Illusion's Zorua,2010 Card Design Contest,Kindergarten,
197,25,Pikachu,Illusion's Zorua,2010 Card Design Contest,1st Grade,
198,25,Pikachu,Illusion's Zorua,2010 Card Design Contest,Pokémon Fan,
202,25,Pikachu,Tepig,BW-P Promos,-,Jumbo
203,25,Pikachu,Oshawott,BW-P Promos,-,Jumbo
205,25,Pikachu,Mewtwo,BW-P Promos,-,Jumbo
207,25,Pikachu,Victory Ring,XY-P Promos,3rd,
210,25,Pikachu,No.2 Trainer,World Championship Promo,-,has full art prints in XY and SM layouts
211,25,Pikachu,No.3 Trainer,World Championship Promo,-,
212,25,Pikachu,No.4 Trainer,World Championship Promo,-,
220,25,Pikachu,Victory Decoration,SM-P Promos,3rd,
222,25,Pikachu,Zeraora and Friends,SM-P Promos,-,Jumbo
234,25,Pikachu,Koko,Koko Illustration Contest,Parent-Child,Jumbo
235,25,Pikachu,Koko,Koko Illustration Contest,Twitter,Jumbo
244,25,Pikachu,No.1 Trainer,World Championship Promo,-,full art print in SV layout
246,25,Pikachu,No.3 Trainer,World Championship Promo,-,
247,25,Pikachu,No.4 Trainer,World Championship Promo,-,
255,25,Pikachu,Magikarp,M-P Promos,40,this card was only released in Korean
269,25,Pikachu,Chespin,Art Academy Promo,Gabi,
304,25,Pikachu,Snivy,MEP Promos,49,
322,25,Pikachu,Grookey,MEP Promos,52,Decorative Curry
327,25,Pikachu,Pokémon Pal City,Chūbu Battle City Promo,-,Pikachu Dome
328,25,Pikachu,Pokémon Pal City,Chūgoku Battle City Promo,-,
332,25,Pikachu,Pokémon Pal City,Tōhoku Battle City Promo,-,
347,26,Alolan Raichu,Salvatore,Temporal Forces,159,pin
355,30,Nidorina,Quaxly,Gem Pack Vol. 1,05 09,costume; this card was only released in Simplified Chinese
376,35,Clefairy,Gengar,Gem Pack Vol. 3,03 07,Poké Doll; this card was only released in Simplified Chinese
388,37,Vulpix,Pikachu,Collection 151,173,this card was only released in Simplified Chinese
401,39,Jigglypuff,Pikachu,Collection 151,171,this card was only released in Simplified Chinese
450,43,Oddish,Koko,Koko Illustration Contest,Parent-Child,Jumbo
451,43,Oddish,Koko,Koko Illustration Contest,Twitter,Jumbo
455,43,Oddish,Pikachu,Collection 151,170,this card was only released in Simplified Chinese
466,44,Gloom,Koko,Koko Illustration Contest,Parent-Child,Jumbo
468,45,Vileplume,Koko,Koko Illustration Contest,Parent-Child,Jumbo
475,47,Parasect,Pikachu,Collection 151,172,this card was only released in Simplified Chinese
483,50,Diglett,Flash,Expansion Sheet 2,-,
485,50,Diglett,Lucky Stadium,Tōhoku World Challenge Promo,-,
492,50,Diglett,Illusion's Zorua,2010 Card Design Contest,2nd Grade,
493,50,Diglett,Illusion's Zorua,2010 Card Design Contest,Pokémon Fan,
506,51,Dugtrio,Flash,Expansion Sheet 2,-,
507,51,Dugtrio,Illusion's Zorua,2010 Card Design Contest,2nd Grade,
522,52,Meowth,Captain Pikachu,Pokémon Center promo,-,Jumbo
524,52,Meowth,Tepig,BW-P Promos,-,Jumbo
525,52,Meowth,Pikachu,BW-P Promos,©2011,Jumbo
562,54,Psyduck,Tropical Breeze,VS: Tropical Mega Battle,-,
588,54,Psyduck,Pikachu,Collection 151,171,this card was only released in Simplified Chinese
590,54,Psyduck,Magikarp,M-P Promos,40,this card was only released in Korean
592,54,Psyduck,Pikachu,XY-P Promos,©2014,snowman; Jumbo
603,58,Growlithe,No.1 Trainer,Battle Road Promo,-,"has prints in Neo and e-Card layouts, with both girl and boy trainers"
604,58,Growlithe,No.2 Trainer,Battle Road Promo,-,
605,58,Growlithe,No.3 Trainer,Battle Road Promo,-,
636,67,Machoke,Bill's PC,Expansion Sheet 3,-,
642,68,Machamp,Mewtwo,BW-P Promos,-,Jumbo
660,70,Weepinbell,Koko,Koko Illustration Contest,Parent-Child,Jumbo
674,74,Geodude,Switch,Next Quest,6,
675,74,Geodude,Switch,Groundbreakers,5,
678,74,Geodude,Koko,Koko Illustration Contest,Parent-Child,Jumbo
689,78,Rapidash,Ponyta,Gem Pack Vol. 4,01 07,this card was only released in Simplified Chinese
704,81,Magnemite,Switch,VS: Tropical Mega Battle,-,
708,81,Magnemite,Super Scoop Up,VS: Tropical Mega Battle,-,
715,81,Magnemite,Illusion's Zorua,2010 Card Design Contest,2nd Grade,
746,84,Doduo,No.1 Trainer,Battle Road Promo,-,"has prints in Neo and e-Card layouts, with both girl and boy trainers"
747,84,Doduo,No.2 Trainer,Battle Road Promo,-,
768,92,Gastly,The Puzzle of Pokémon Tower?,Expansion Sheet 3,-,
770,92,Gastly,Gourgeist,Art Academy Promo,rina,
775,93,Haunter,Gourgeist,Art Academy Promo,rina,
783,94,Gengar,Gourgeist,Art Academy Promo,rina,
787,94,Gengar,Victini ex,SV-P Promos,52,"this card was only released in Traditional Chinese, Indonesian, Thai, and Simplified Chinese"
790,94,Gengar,Pikachu,Collection 151,172,this card was only released in Simplified Chinese
801,95,Onix,Lucky Stadium,Kyūshū World Challenge Promo,-,
814,100,Voltorb,No.1 Trainer,Battle Road Promo,-,"has prints in Neo and e-Card layouts, with both girl and boy trainers"
832,103,Exeggutor,No.1 Trainer,Tropical Mega Battle Promo,-,
834,103,Exeggutor,No.3 Trainer,Tropical Mega Battle Promo,-,
836,103,Exeggutor,Tropical Breeze,VS: Tropical Mega Battle,-,
844,103,Alolan Exeggutor,Koko,Koko Illustration Contest,Parent-Child,Jumbo
854,104,Cubone,Pikachu,Collection 151,173,this card was only released in Simplified Chinese
867,107,Hitmonchan,Pokémon Pal City,Chūbu Battle City Promo,-,
901,113,Chansey,No.1 Trainer,Battle Road Promo,-,"has prints in Neo and e-Card layouts, with both girl and boy trainers"
902,113,Chansey,No.2 Trainer,Battle Road Promo,-,
908,114,Tangela,Tangrowth,Art Academy Promo,Gosha,
922,119,Seaking,Mew,Art Academy Promo,Phanpy,this card was only released in German
924,120,Staryu,Horsea of the Seafoam Islands,Expansion Sheet 3,-,
930,120,Staryu,Pikachu Wearing a Batik Shirt,SV-P Promos,155,clothing design; this card was only released in Indonesian
980,129,Magikarp,Pokémon Pal City,Chūbu Battle City Promo,-,
984,129,Magikarp,Mew,Art Academy Promo,Phanpy,this card was only released in German
988,129,Magikarp,Pikachu,BW-P Promos,©2013,statue; Jumbo
994,130,Gyarados,Lucky Stadium,Chūgoku World Challenge Promo,-,
999,130,Gyarados,Magikarp,M-P Promos,40,this card was only released in Korean
1026,133,Eevee,_____'s Pikachu,BW-P Promos,©2012,Jumbo
1030,133,Eevee,Zeraora and Friends,SM-P Promos,-,Jumbo
1053,133,Eevee,Grookey,MEP Promos,52,Decorative Curry
1054,133,Eevee,Floragato,Gem Pack Vol. 5,22 07,Vee-Vee Pick; this card was only released in Simplified Chinese
1154,144,Articuno,Trainer Certification Card,Miscellaneous Promos,-,
1156,144,Articuno,Illusion's Zoroark,2010 Card Design Contest,4th Grade,
1166,145,Zapdos,Lucky Stadium,Chūbu World Challenge Promo,-,
1167,145,Zapdos,Illusion's Zorua,2010 Card Design Contest,2nd Grade,
1169,145,Zapdos,Illusion's Zoroark,2010 Card Design Contest,4th Grade,only partially visible
1182,146,Moltres,Illusion's Zoroark,2010 Card Design Contest,4th Grade,
1209,149,Dragonite,Pikachu,Collection 151,171,this card was only released in Simplified Chinese
1215,150,Mewtwo,X Special,Groundbreakers,8,
1216,150,Mewtwo,Illusion's Zoroark,2010 Card Design Contest,4th Grade,
1221,150,Mewtwo,No.1 Trainer,Super Secret Battle Promo,-,silhouette
1222,150,Mewtwo,No.2 Trainer,Super Secret Battle Promo,-,
1223,150,Mewtwo,No.3 Trainer,Super Secret Battle Promo,-,
1232,151,Mew,Lucky Stadium,Hokushin'etsu World Challenge Promo,-,
1238,151,Mew,Illusion's Zoroark,2010 Card Design Contest,4th Grade,
1241,151,Mew,Pikachu,SV-P Promos,153,this card was only released in Traditional Chinese
1242,151,Mew,Pikachu,Collection 151,170,this card was only released in Simplified Chinese
